budget,platform,content_type,audience_size,posting_hour,sentiment_score,holiday_flag,region,engagement_rate,roi
725.16,tiktok,story,10911,15,0.603,0,Egypt,0.0564,2.657
705.88,facebook,image,2981,23,0.388,0,UAE,0.0218,1.443
390.13,tiktok,carousel,12840,18,0.477,0,Egypt,0.101,2.428
481.93,tiktok,reel,6992,16,-0.2,0,Saudi Arabia,0.0885,4.794
138.84,instagram,image,4150,18,0.925,0,Lebanon,0.0651,3.669
56.38,twitter,image,3449,10,0.087,1,Lebanon,0.0237,1.482
461.77,tiktok,story,153114,15,0.359,0,Egypt,0.0611,2.138
540.01,tiktok,image,6064,22,0.599,0,Lebanon,0.0838,3.161
1197.92,instagram,video,1631,15,-0.045,0,Saudi Arabia,0.0713,2.888
1659.38,facebook,video,3759,15,0.109,1,Jordan,0.0346,1.409
1657.39,instagram,image,7656,23,0.363,0,Lebanon,0.0621,2.535
164.31,twitter,reel,14784,23,1.0,0,Lebanon,0.0293,1.754
293.82,facebook,reel,14917,20,0.405,0,Jordan,0.0309,1.435
621.6,tiktok,video,17056,16,0.862,1,Saudi Arabia,0.1045,8.029
3939.13,facebook,reel,3986,17,0.722,1,Lebanon,0.0318,1.513
1528.57,instagram,image,11783,15,0.429,0,Egypt,0.0333,1.997
1104.84,facebook,image,3091,14,-0.046,1,Egypt,0.0245,0.748
284.57,instagram,carousel,4098,14,0.671,0,Saudi Arabia,0.0477,2.919
182.2,tiktok,story,2952,16,-0.224,0,Saudi Arabia,0.0713,6.842
820.58,facebook,image,2192,14,0.86,0,UAE,0.0266,2.153
149.82,tiktok,image,26124,12,0.37,0,Lebanon,0.071,2.216
325.51,instagram,video,17282,19,-0.628,0,Saudi Arabia,0.0369,1.858
363.83,twitter,reel,23726,19,0.181,1,UAE,0.0294,1.679
1691.92,tiktok,image,8461,23,0.529,1,Saudi Arabia,0.089,7.945
293.18,tiktok,video,19043,15,0.217,0,Egypt,0.0839,3.02
50.0,instagram,reel,1167,19,0.55,0,Lebanon,0.1015,4.96
635.24,facebook,video,20939,19,0.002,0,Saudi Arabia,0.0273,2.037
215.05,instagram,image,9846,17,-0.157,0,UAE,0.0392,2.496
419.21,instagram,image,16152,21,0.275,1,Egypt,0.0637,3.602
373.14,tiktok,video,12308,21,0.311,0,UAE,0.1097,7.842
315.34,tiktok,video,2735,19,0.178,0,Saudi Arabia,0.1184,6.276
821.64,twitter,reel,1559,17,0.73,0,Saudi Arabia,0.0248,1.932
101.54,instagram,carousel,3702,17,0.002,1,UAE,0.0856,8.403
253.33,instagram,carousel,15084,13,0.41,1,Saudi Arabia,0.0584,4.764
746.68,facebook,story,17311,15,0.324,0,Egypt,0.0229,1.234
232.14,instagram,video,1799,16,-0.245,0,Saudi Arabia,0.054,3.357
94.83,instagram,video,2753,14,-0.162,0,Egypt,0.0635,2.367
736.35,facebook,story,3657,20,0.304,0,Jordan,0.0218,1.027
1108.52,instagram,image,5469,23,0.993,0,UAE,0.0735,5.68
387.42,facebook,reel,1811,14,0.503,1,Saudi Arabia,0.0351,1.909
69.08,facebook,reel,1695,19,-0.304,1,Lebanon,0.0379,1.715
761.56,tiktok,image,3281,14,-0.789,1,Egypt,0.0797,2.269
90.57,tiktok,video,8909,17,0.557,0,Saudi Arabia,0.1149,7.649
532.68,instagram,image,2211,15,0.266,0,UAE,0.0501,3.367
181.5,tiktok,image,7133,20,0.699,1,Lebanon,0.1028,6.499
142.05,tiktok,video,25962,15,-0.008,0,Egypt,0.0867,3.792
271.04,facebook,image,1935,22,0.423,0,UAE,0.0311,2.484
342.08,instagram,reel,6456,17,0.596,1,Egypt,0.0782,4.19
225.93,tiktok,story,25015,15,0.143,0,Lebanon,0.0514,1.443
685.28,instagram,reel,5114,13,0.151,1,Jordan,0.1003,7.332
270.03,instagram,image,4311,19,0.309,0,Lebanon,0.0565,2.44
974.74,instagram,image,29139,22,0.49,1,UAE,0.0825,6.254
519.6,tiktok,image,5785,19,0.295,0,Egypt,0.0767,2.64
215.34,facebook,image,27308,23,0.641,0,Jordan,0.0235,1.111
185.06,tiktok,story,12989,23,0.138,1,UAE,0.0669,7.062
91.58,tiktok,video,5557,17,-0.165,0,Saudi Arabia,0.096,7.33
524.09,facebook,image,13734,17,0.992,0,Egypt,0.0182,0.95
293.2,facebook,reel,11527,20,0.088,0,Egypt,0.0327,1.152
50.0,instagram,video,24908,15,0.101,0,UAE,0.0614,4.882
249.1,instagram,image,4432,23,0.277,1,Saudi Arabia,0.058,4.454
179.3,facebook,image,8478,19,0.324,0,Egypt,0.0206,0.802
1665.88,facebook,carousel,7572,19,0.165,0,Egypt,0.0203,0.734
87.14,facebook,reel,17580,21,0.294,0,Egypt,0.0348,1.318
110.25,tiktok,image,2623,23,0.286,1,Saudi Arabia,0.0787,6.702
1095.51,facebook,story,24801,19,0.361,1,Lebanon,0.0241,1.266
1367.98,facebook,reel,13534,18,-0.525,1,Jordan,0.0364,1.509
206.34,facebook,reel,1903,23,0.958,0,Egypt,0.0511,2.14
228.41,instagram,image,30610,22,0.248,0,Egypt,0.0333,1.533
702.48,instagram,image,94608,17,0.503,0,Lebanon,0.0435,1.512
50.0,facebook,reel,24392,18,-0.182,0,UAE,0.0273,1.435
75.56,instagram,video,38936,19,0.135,0,Egypt,0.0587,2.066
313.36,facebook,carousel,8900,19,0.065,0,Lebanon,0.0173,0.513
1627.66,tiktok,reel,1302,13,0.814,0,Jordan,0.1513,9.458
272.56,instagram,image,1065,12,0.095,0,UAE,0.045,2.073
441.79,instagram,reel,10727,14,0.565,0,Egypt,0.1002,3.449
1119.25,instagram,story,4225,14,0.072,0,Egypt,0.0361,1.565
2687.04,instagram,reel,2963,15,0.142,0,UAE,0.0826,3.794
240.05,facebook,video,7562,21,0.214,1,UAE,0.0266,1.951
397.36,facebook,reel,15948,17,0.749,0,Saudi Arabia,0.0293,1.559
2079.43,tiktok,carousel,1639,19,-0.361,1,Saudi Arabia,0.1039,6.369
102.52,facebook,reel,4945,13,-0.16,0,UAE,0.0304,2.163
1017.21,facebook,reel,42653,16,-0.382,0,Saudi Arabia,0.0185,0.958
161.34,tiktok,reel,2482,20,-0.081,0,Jordan,0.1081,5.188
442.4,instagram,image,21093,20,0.016,0,Saudi Arabia,0.0323,1.802
324.29,instagram,image,4754,15,-0.265,0,UAE,0.0379,1.704
170.34,instagram,image,14770,19,0.043,0,UAE,0.0507,2.484
166.54,tiktok,video,27093,23,-0.405,1,UAE,0.0859,6.922
517.38,facebook,video,18313,18,-0.056,1,Lebanon,0.0288,1.536
988.3,instagram,carousel,22028,15,0.72,0,Lebanon,0.049,1.911
358.97,facebook,video,2283,17,0.441,0,Egypt,0.0286,1.172
429.71,instagram,reel,27584,18,0.366,0,UAE,0.0925,5.572
674.56,tiktok,story,3171,17,-0.051,0,Jordan,0.0638,1.782
168.27,facebook,image,10780,18,-0.238,0,UAE,0.0144,0.824
785.03,facebook,reel,10765,12,-0.099,0,Lebanon,0.0234,0.748
843.37,instagram,carousel,13816,14,0.285,0,Egypt,0.0379,1.05
4201.78,facebook,carousel,11738,17,0.604,0,Egypt,0.0225,0.522
287.58,instagram,image,3202,17,0.616,1,UAE,0.0845,4.492
267.13,instagram,reel,1835,16,0.521,1,UAE,0.0939,7.244
805.99,instagram,story,21153,17,0.042,0,UAE,0.0492,2.671
843.19,twitter,reel,9940,18,0.309,1,Saudi Arabia,0.0281,1.546
249.24,twitter,story,28690,22,0.188,0,Saudi Arabia,0.0126,0.891
280.66,tiktok,story,7714,18,0.23,0,UAE,0.0763,4.79
656.56,instagram,video,1727,20,1.0,1,Lebanon,0.0548,3.959
191.55,twitter,carousel,23452,16,-0.317,1,Saudi Arabia,0.0175,1.008
278.81,tiktok,video,5391,20,0.218,1,Jordan,0.1304,5.753
437.31,tiktok,story,11804,20,0.724,0,Saudi Arabia,0.1009,7.291
988.65,facebook,image,3975,21,-0.213,1,Saudi Arabia,0.0258,1.002
234.13,instagram,video,49450,21,0.075,0,Lebanon,0.0455,2.14
76.85,instagram,reel,3089,20,0.115,0,UAE,0.0848,4.351
71.88,twitter,image,5590,18,0.222,0,UAE,0.0155,1.336
129.87,facebook,reel,9119,19,-0.259,0,Egypt,0.0213,0.647
123.74,instagram,video,2437,22,0.508,0,Egypt,0.0764,4.32
351.02,instagram,story,11655,15,0.533,0,Jordan,0.0422,1.527
138.38,facebook,reel,47719,15,0.478,1,Jordan,0.0474,2.487
214.33,instagram,video,4724,19,-0.005,0,Jordan,0.0645,3.022
201.0,tiktok,reel,12514,20,0.33,0,Jordan,0.1234,7.774
271.39,tiktok,video,500,15,-0.015,0,Lebanon,0.1228,6.888
1326.44,tiktok,carousel,7763,18,0.184,0,Lebanon,0.1089,4.248
731.98,facebook,carousel,5742,18,1.0,0,UAE,0.0365,4.093
409.33,facebook,reel,3293,9,0.333,0,Saudi Arabia,0.0346,1.99
266.42,facebook,image,26624,17,-0.116,0,Lebanon,0.0198,0.96
273.17,facebook,image,5659,17,0.363,0,Egypt,0.0233,0.717
541.84,instagram,reel,6665,17,-0.173,0,Saudi Arabia,0.073,4.034
682.49,facebook,carousel,5351,23,-0.12,1,Saudi Arabia,0.0251,0.629
178.24,instagram,video,983,13,-0.064,0,Lebanon,0.059,1.696
416.89,facebook,image,2332,15,0.144,0,UAE,0.0277,1.862
64.82,instagram,video,23323,8,0.628,0,Lebanon,0.0734,2.723
488.11,instagram,reel,795,16,0.502,0,Egypt,0.0819,3.679
801.06,instagram,image,3487,16,0.483,0,Saudi Arabia,0.0491,3.765
313.54,facebook,video,5220,16,-0.085,0,Egypt,0.0324,0.953
2069.11,instagram,story,55159,22,0.111,0,UAE,0.0412,1.679
182.52,twitter,image,18872,21,0.395,0,UAE,0.0174,1.069
490.63,facebook,reel,4390,18,0.08,0,UAE,0.0283,1.248
390.63,instagram,image,34028,17,0.203,0,Egypt,0.0478,1.728
368.61,facebook,reel,3588,22,0.454,0,Egypt,0.034,1.419
363.98,instagram,reel,24587,18,0.178,0,UAE,0.058,3.296
444.25,twitter,reel,1817,15,0.379,0,Jordan,0.0258,1.72
865.37,facebook,image,26385,11,0.857,1,Lebanon,0.0283,1.381
1394.04,tiktok,carousel,5183,16,0.24,0,Egypt,0.0867,4.052
402.61,instagram,reel,2614,21,0.713,0,Lebanon,0.099,3.651
840.32,facebook,image,6381,23,0.496,0,UAE,0.0285,1.892
214.52,facebook,image,10993,18,-0.214,0,Egypt,0.0209,0.885
803.81,twitter,image,4702,15,-0.086,0,Lebanon,0.0134,0.616
203.2,facebook,story,14903,13,0.008,0,UAE,0.0175,0.939
1076.63,facebook,reel,4267,20,0.001,0,Saudi Arabia,0.0295,1.728
2950.05,instagram,carousel,16033,11,0.268,0,UAE,0.038,2.345
361.45,instagram,reel,13179,20,0.515,0,Egypt,0.0851,3.061
56.08,facebook,carousel,7577,21,0.739,0,Egypt,0.0299,1.76
246.35,facebook,video,4986,20,0.408,0,Egypt,0.046,2.775
1222.54,instagram,video,9572,17,0.144,0,UAE,0.0787,4.946
663.66,tiktok,carousel,14842,20,-0.429,0,Saudi Arabia,0.0774,3.881
504.73,tiktok,image,78274,19,0.325,0,UAE,0.0801,5.943
1000.05,instagram,reel,22773,15,0.309,1,UAE,0.0834,3.842
623.91,facebook,reel,23708,23,0.364,0,Lebanon,0.025,1.204
1207.07,instagram,video,242162,17,1.0,0,Jordan,0.0502,2.008
922.86,facebook,carousel,14293,21,0.734,0,Egypt,0.024,0.859
1586.89,instagram,image,13809,8,0.575,0,Egypt,0.0418,2.486
557.2,facebook,story,17578,23,-0.037,0,Saudi Arabia,0.0097,0.48
911.17,tiktok,story,2670,23,0.12,0,Saudi Arabia,0.0599,2.659
306.0,tiktok,story,4972,18,0.267,0,Saudi Arabia,0.0673,5.353
234.79,instagram,video,4643,20,0.029,0,Saudi Arabia,0.0591,2.591
1874.49,twitter,image,16520,20,0.475,1,Saudi Arabia,0.0181,1.141
490.09,instagram,image,6690,15,0.425,1,Lebanon,0.0571,4.029
832.47,instagram,image,9433,20,-0.081,0,Lebanon,0.0557,2.017
450.95,facebook,image,26801,15,0.719,0,Jordan,0.0264,0.845
237.97,instagram,image,20941,16,0.336,0,Saudi Arabia,0.0429,3.137
407.44,tiktok,story,6782,23,-0.305,1,Jordan,0.0638,2.486
1469.08,tiktok,image,3877,22,0.282,1,Lebanon,0.099,6.544
664.95,instagram,image,28248,15,0.398,0,Saudi Arabia,0.0411,2.143
86.46,twitter,reel,18982,15,0.64,0,UAE,0.0218,2.196
332.38,instagram,carousel,1384,15,0.182,0,UAE,0.0666,5.962
2006.33,facebook,reel,5741,21,0.59,1,Lebanon,0.0393,1.61
332.81,instagram,carousel,9721,14,0.365,0,Lebanon,0.0445,1.907
79.8,twitter,reel,19086,19,-0.16,0,Jordan,0.0193,0.912
2216.63,instagram,carousel,22050,21,-0.195,0,UAE,0.0459,1.705
745.57,instagram,carousel,11073,18,0.693,0,Saudi Arabia,0.0414,2.971
378.79,facebook,reel,15425,22,0.719,0,Saudi Arabia,0.0351,2.346
288.8,twitter,video,8695,17,0.413,0,UAE,0.0266,1.697
1068.61,tiktok,video,3861,17,0.823,0,Saudi Arabia,0.1458,10.094
247.7,tiktok,video,6079,14,0.67,0,UAE,0.1709,13.002
1133.91,tiktok,image,8274,22,0.539,0,Jordan,0.108,5.255
657.19,tiktok,reel,7799,15,-0.019,0,Egypt,0.1302,3.643
502.81,facebook,image,1018,19,0.906,1,Egypt,0.0519,2.465
459.88,instagram,image,5233,18,0.488,0,Saudi Arabia,0.0609,3.835
344.65,tiktok,image,8619,14,0.165,0,Lebanon,0.0772,3.19
1033.88,facebook,reel,5946,16,0.066,0,Jordan,0.0342,1.208
185.15,instagram,video,6176,23,0.39,0,UAE,0.061,4.584
93.72,instagram,carousel,13860,19,-0.285,0,Lebanon,0.0451,0.937
701.34,tiktok,reel,2472,14,0.545,0,UAE,0.1147,6.285
712.03,instagram,image,1351,19,-0.034,0,Egypt,0.0497,1.504
621.55,twitter,reel,5524,17,0.43,0,Saudi Arabia,0.0223,1.094
582.28,instagram,video,18779,23,0.117,0,Egypt,0.0517,2.545
302.33,instagram,image,51860,19,0.207,0,Egypt,0.0481,1.826
819.53,tiktok,carousel,19155,16,0.035,0,UAE,0.08,4.616
387.22,instagram,story,1611,23,0.244,0,Jordan,0.0277,1.101
260.24,instagram,image,6275,11,0.961,0,Saudi Arabia,0.0405,3.15
304.69,facebook,carousel,10746,18,0.785,0,Saudi Arabia,0.0233,1.189
2486.36,tiktok,image,9851,23,0.424,0,Lebanon,0.07,2.715
84.65,instagram,carousel,14665,18,0.291,0,Jordan,0.0597,2.337
632.58,instagram,carousel,2954,11,0.595,1,UAE,0.0723,5.538
89.01,tiktok,carousel,8703,16,0.695,0,Lebanon,0.1268,2.514
365.98,twitter,carousel,12866,23,0.01,0,Saudi Arabia,0.0185,0.735
273.07,facebook,image,20095,20,0.273,0,Lebanon,0.0251,1.514
61.77,instagram,carousel,3339,15,-0.338,0,Lebanon,0.049,2.266
572.57,instagram,carousel,5543,15,0.693,1,Saudi Arabia,0.0797,8.695
286.57,instagram,carousel,500,16,1.0,0,UAE,0.0923,10.159
60.99,instagram,image,4090,19,0.328,1,Jordan,0.0717,5.336
858.86,facebook,video,4551,23,-0.444,0,UAE,0.0231,0.915
1467.78,instagram,video,2639,22,0.513,0,Egypt,0.0905,2.548
1542.43,facebook,image,9722,20,-0.016,1,Saudi Arabia,0.0134,1.034
557.28,tiktok,image,7619,13,0.068,0,Saudi Arabia,0.0674,3.772
420.5,facebook,video,675,13,0.519,0,Saudi Arabia,0.0309,3.309
1333.2,instagram,reel,10270,20,0.389,0,Saudi Arabia,0.0886,4.722
1833.8,tiktok,image,2918,13,0.129,1,Jordan,0.116,8.162
1119.02,tiktok,reel,13825,17,0.073,0,UAE,0.0792,4.186
172.88,tiktok,carousel,1978,19,0.344,0,Lebanon,0.127,7.92
483.58,instagram,reel,8375,13,0.157,1,Saudi Arabia,0.0605,5.947
599.18,instagram,video,5934,14,-0.088,0,Egypt,0.0443,1.061
79.15,twitter,video,11309,18,0.184,0,Lebanon,0.0202,0.828
615.49,facebook,carousel,9294,20,0.419,0,Saudi Arabia,0.0247,1.14
3120.33,instagram,story,6120,22,0.238,0,Egypt,0.0295,0.675
717.62,facebook,video,1495,20,-0.195,1,Egypt,0.0347,1.477
1519.4,facebook,carousel,1595,18,0.646,0,Jordan,0.0337,1.523
475.62,twitter,carousel,4262,15,-0.659,0,Saudi Arabia,0.0148,0.598
377.7,instagram,reel,8029,14,0.144,0,Saudi Arabia,0.0599,3.969
568.58,twitter,image,4150,16,0.083,0,UAE,0.0152,0.469
193.59,instagram,video,16118,20,0.352,1,Jordan,0.0792,6.186
169.46,facebook,video,5960,19,0.497,0,UAE,0.0419,2.774
1261.02,facebook,story,2803,10,0.694,0,Egypt,0.0093,0.429
1387.29,instagram,video,5967,15,0.051,0,UAE,0.0496,3.084
165.34,instagram,video,10388,23,0.505,0,Saudi Arabia,0.0693,6.509
964.1,facebook,story,11583,18,0.369,0,Egypt,0.0152,0.55
373.06,twitter,video,63973,12,-0.299,0,Saudi Arabia,0.0142,0.323
547.75,facebook,image,3882,23,0.965,0,Jordan,0.0266,1.506
610.45,twitter,image,7473,18,-0.204,1,UAE,0.0143,0.919
987.24,tiktok,image,12948,20,0.447,0,Saudi Arabia,0.0863,3.9
434.61,facebook,image,7896,20,0.436,0,UAE,0.0257,1.777
1435.32,tiktok,video,4671,17,0.396,0,UAE,0.1118,6.201
532.97,instagram,reel,1474,15,0.127,0,Saudi Arabia,0.0638,2.395
707.52,instagram,reel,4619,23,0.59,0,Lebanon,0.0763,4.12
190.58,tiktok,image,2487,22,-0.246,0,Lebanon,0.0681,2.153
2815.21,tiktok,carousel,1212,21,0.277,0,Saudi Arabia,0.0686,3.323
615.75,instagram,image,3377,20,0.103,1,Saudi Arabia,0.0616,3.626
766.39,facebook,story,2561,14,0.063,1,Saudi Arabia,0.0188,1.59
94.88,facebook,image,15400,23,0.45,1,Lebanon,0.0325,1.954
192.4,tiktok,carousel,15696,15,0.677,0,UAE,0.1132,8.799
1229.17,facebook,video,2998,19,0.18,1,UAE,0.0428,2.603
522.28,facebook,carousel,6086,11,0.573,0,Egypt,0.0204,0.942
72.07,instagram,video,1049,10,0.317,0,Egypt,0.0579,3.37
1027.07,facebook,reel,4704,19,-0.012,0,UAE,0.0225,1.398
247.3,facebook,image,12567,15,0.21,0,Saudi Arabia,0.0178,1.28
1436.82,tiktok,story,20079,10,0.195,0,Lebanon,0.0689,3.061
372.76,facebook,video,3698,20,0.056,0,UAE,0.0353,1.356
485.04,instagram,reel,25771,23,0.45,0,Lebanon,0.056,1.978
1165.68,instagram,reel,1529,23,0.382,0,UAE,0.0699,4.076
179.87,tiktok,story,2054,17,-0.257,1,Saudi Arabia,0.0693,3.533
165.08,tiktok,image,17687,18,-0.278,0,Jordan,0.0703,2.002
338.04,instagram,image,50931,22,0.449,0,UAE,0.0328,1.188
849.34,instagram,image,13943,22,0.015,0,Saudi Arabia,0.0306,1.066
121.78,facebook,image,7751,17,0.406,1,Egypt,0.0297,1.441
89.91,instagram,carousel,724,18,0.573,0,Jordan,0.044,2.423
846.7,tiktok,story,875,19,-0.145,0,Saudi Arabia,0.0586,2.311
234.47,instagram,story,9342,20,-0.194,0,UAE,0.0355,1.976
283.44,instagram,carousel,5465,17,0.886,0,Saudi Arabia,0.0746,5.051
75.86,twitter,carousel,2400,18,0.423,0,UAE,0.0201,1.918
218.97,instagram,reel,8708,23,0.153,0,Jordan,0.0617,2.689
400.69,instagram,story,9197,23,-0.027,0,UAE,0.0415,2.751
932.01,instagram,image,22899,20,0.121,0,Egypt,0.0469,1.676
201.52,instagram,carousel,9416,23,-0.117,0,Lebanon,0.0414,1.042
1792.99,instagram,reel,31295,16,0.609,0,UAE,0.0753,4.753
217.87,instagram,video,8174,23,0.028,0,Egypt,0.0628,1.566
218.16,instagram,video,7137,20,0.683,0,Saudi Arabia,0.0998,7.057
1609.41,instagram,story,26127,23,0.16,0,Saudi Arabia,0.0426,1.851
488.0,facebook,story,2762,13,-0.065,0,Jordan,0.0193,0.835
245.47,tiktok,story,179134,15,0.151,0,Egypt,0.0512,1.277
350.86,facebook,reel,12243,20,-0.618,0,UAE,0.0191,0.831
1363.44,instagram,image,12319,20,0.258,0,Saudi Arabia,0.046,2.94
1509.57,facebook,video,14437,23,0.24,0,Saudi Arabia,0.027,1.829
193.42,tiktok,carousel,63885,15,0.589,0,Saudi Arabia,0.0773,4.447
388.31,tiktok,carousel,19375,22,-0.36,0,UAE,0.085,4.18
437.53,instagram,video,1386,23,0.707,0,UAE,0.0917,6.982
166.07,instagram,carousel,37942,21,0.587,0,Jordan,0.0557,4.162
383.71,instagram,video,5569,14,0.738,0,Jordan,0.0836,2.81
405.37,instagram,reel,9116,23,0.282,0,Egypt,0.0719,2.114
1125.73,facebook,video,1983,23,0.655,0,Jordan,0.0386,3.188
1195.93,facebook,video,14455,20,-0.215,0,Egypt,0.018,0.49
299.98,instagram,image,3957,19,0.55,0,Egypt,0.0539,1.21
332.77,instagram,image,9046,19,0.03,0,Egypt,0.0441,1.322
733.53,facebook,reel,5928,18,-0.278,0,Saudi Arabia,0.0284,0.409
238.25,instagram,video,67340,21,-0.093,1,Saudi Arabia,0.0562,3.906
685.24,tiktok,image,71717,18,0.302,1,UAE,0.0503,4.484
372.74,instagram,reel,8528,15,0.011,0,Saudi Arabia,0.0504,2.152
168.6,twitter,carousel,8693,14,0.432,0,UAE,0.0188,1.178
170.52,instagram,image,5373,15,-0.333,0,UAE,0.0383,2.472
1483.79,tiktok,video,27353,19,-0.444,0,Saudi Arabia,0.1021,2.382
350.45,twitter,image,5643,18,0.78,0,UAE,0.0216,1.093
1765.73,twitter,carousel,5097,19,0.616,0,UAE,0.0218,1.332
254.1,tiktok,image,23776,20,-0.067,0,Egypt,0.0685,1.911
524.31,tiktok,image,4482,15,0.299,1,Egypt,0.1179,4.938
3475.21,facebook,image,7773,23,0.657,0,Lebanon,0.0216,0.634
155.77,tiktok,carousel,1423,17,0.447,0,Lebanon,0.1027,5.28
73.11,instagram,image,17581,16,0.352,0,UAE,0.0389,2.747
1284.25,facebook,reel,68524,20,0.683,0,Egypt,0.0421,1.938
191.69,facebook,image,17914,11,0.044,0,Egypt,0.0185,0.712
395.98,tiktok,carousel,40456,15,0.311,1,Lebanon,0.0916,5.048
238.1,facebook,video,3194,22,0.294,0,Egypt,0.0295,0.746
513.55,facebook,video,10508,11,0.205,0,Lebanon,0.0276,1.281
171.49,facebook,image,2871,22,0.164,0,UAE,0.0204,1.206
343.11,instagram,reel,6307,23,0.326,1,Jordan,0.0771,4.161
604.76,instagram,reel,18947,17,0.312,1,UAE,0.0736,6.966
162.8,facebook,image,9063,19,-0.067,0,Lebanon,0.0202,0.665
214.85,facebook,image,1713,22,0.581,0,UAE,0.0235,2.306
295.11,instagram,story,1907,16,-0.042,0,Saudi Arabia,0.0351,2.627
111.5,instagram,carousel,1773,21,0.224,1,Jordan,0.0529,3.689
275.81,instagram,image,13913,15,0.197,1,Jordan,0.0554,2.281
448.95,instagram,image,78455,16,0.425,1,Lebanon,0.0544,1.334
281.58,instagram,carousel,36268,15,-0.442,0,Lebanon,0.0363,1.508
316.01,tiktok,reel,1006,19,0.612,0,Egypt,0.148,6.588
396.27,instagram,carousel,38684,23,0.063,0,UAE,0.0544,2.592
223.59,twitter,story,22698,17,0.727,0,Egypt,0.0174,1.035
751.41,twitter,video,1480,13,0.133,0,Saudi Arabia,0.0229,0.995
1469.06,facebook,video,5805,14,0.283,0,Lebanon,0.0274,0.975
265.62,instagram,video,27040,20,0.97,0,Egypt,0.0712,3.935
624.33,facebook,video,14845,23,0.203,1,Lebanon,0.0266,0.939
325.17,tiktok,image,1919,20,0.734,0,UAE,0.0894,6.51
560.56,facebook,image,15864,16,0.314,1,Saudi Arabia,0.0256,2.358
1651.11,tiktok,video,771,21,0.445,0,Saudi Arabia,0.1083,6.729
637.65,facebook,reel,6341,17,0.324,0,Egypt,0.0328,1.615
81.77,facebook,image,28332,16,0.597,0,Saudi Arabia,0.0189,1.84
607.04,instagram,video,8268,14,0.06,0,Jordan,0.041,1.682
1223.63,tiktok,carousel,4680,23,-0.044,0,Jordan,0.0947,1.48
330.49,instagram,carousel,21553,8,0.076,0,Saudi Arabia,0.0366,1.514
988.38,tiktok,reel,23676,21,0.335,0,Lebanon,0.0984,4.867
216.78,tiktok,reel,34236,16,0.223,1,Egypt,0.1049,2.997
105.96,instagram,reel,21200,16,0.549,0,Jordan,0.0801,4.042
458.08,facebook,image,26622,23,0.757,1,UAE,0.0357,3.425
83.03,instagram,video,18145,15,-0.042,1,Saudi Arabia,0.0617,6.087
325.12,tiktok,carousel,10851,15,0.043,1,UAE,0.0957,5.789
1284.54,instagram,image,8941,17,-0.203,0,Lebanon,0.048,1.334
72.33,twitter,image,6241,20,1.0,1,Saudi Arabia,0.0168,1.721
127.54,instagram,image,2135,16,0.407,1,UAE,0.0862,8.078
159.36,twitter,video,2833,12,0.468,1,Egypt,0.0388,1.938
381.08,tiktok,video,5941,15,-0.169,0,Egypt,0.0468,1.893
290.28,facebook,image,10568,23,0.3,0,Egypt,0.0208,0.652
1421.15,tiktok,reel,39533,18,0.478,1,UAE,0.1254,9.724
952.33,tiktok,story,7738,20,0.212,0,UAE,0.0647,4.211
630.02,twitter,image,24436,17,0.676,0,Egypt,0.0165,0.627
459.93,instagram,story,26562,15,1.0,0,Egypt,0.0562,3.23
574.73,facebook,image,6281,23,-0.031,0,Saudi Arabia,0.0187,1.025
185.72,instagram,story,15586,17,-0.058,0,Egypt,0.0298,1.257
872.61,facebook,story,6198,16,-0.007,1,Lebanon,0.0193,0.894
148.29,instagram,image,34694,22,0.862,1,Egypt,0.0729,4.718
855.63,facebook,reel,16308,15,0.665,1,Lebanon,0.0323,1.527
1173.24,facebook,story,2187,16,0.253,0,Lebanon,0.0133,0.447
487.74,facebook,story,9678,18,0.313,0,Saudi Arabia,0.0253,2.011
344.26,facebook,story,49658,18,0.014,0,Lebanon,0.0139,0.635
578.41,tiktok,carousel,6638,19,0.612,0,Lebanon,0.1037,3.64
50.0,tiktok,image,13259,23,0.167,0,Lebanon,0.0698,3.502
529.55,facebook,reel,14771,19,0.209,0,Saudi Arabia,0.0332,0.787
364.3,facebook,carousel,2590,8,0.513,1,Egypt,0.0355,1.515
385.46,twitter,carousel,14211,19,0.234,0,Lebanon,0.0201,1.061
761.95,instagram,video,1748,18,0.218,0,Saudi Arabia,0.0497,2.751
377.17,instagram,carousel,4071,18,0.304,0,Egypt,0.0438,1.739
144.58,instagram,image,26457,19,0.578,0,Lebanon,0.0484,0.61
355.22,facebook,reel,11997,18,0.876,0,Lebanon,0.0361,1.72
428.72,facebook,image,5796,18,0.505,0,Egypt,0.0165,0.733
447.39,tiktok,reel,13241,20,0.581,0,Egypt,0.1483,6.936
466.72,facebook,reel,7584,16,0.23,0,Saudi Arabia,0.0247,1.815
1028.06,instagram,video,8215,14,0.052,1,Egypt,0.0888,3.322
151.8,tiktok,video,16688,23,0.529,0,Lebanon,0.1517,7.307
472.54,tiktok,video,3640,15,0.36,0,UAE,0.1088,4.687
1288.12,instagram,story,8470,18,-0.198,0,Egypt,0.0372,1.033
84.68,instagram,reel,5747,12,0.185,0,UAE,0.0497,2.324
474.23,instagram,video,1416,18,0.271,0,Egypt,0.078,1.575
238.21,instagram,image,2943,14,0.121,1,Saudi Arabia,0.0502,2.611
288.98,instagram,image,45479,16,0.819,1,Egypt,0.0524,4.024
178.69,twitter,video,12372,22,0.468,0,Saudi Arabia,0.0217,1.39
346.33,facebook,story,1889,20,0.781,0,UAE,0.0211,1.684
2115.68,facebook,reel,1488,20,0.392,0,UAE,0.0329,1.706
129.28,tiktok,image,7162,11,0.328,0,UAE,0.0872,3.361
140.8,facebook,reel,45130,23,-0.028,0,Egypt,0.0221,0.992
124.99,twitter,video,6598,13,0.304,1,Lebanon,0.0332,0.859
1909.65,tiktok,reel,34122,23,0.305,0,Lebanon,0.0843,2.866
266.11,facebook,image,11933,22,-0.178,0,Lebanon,0.0229,0.837
394.23,instagram,carousel,13607,20,0.111,0,Lebanon,0.0425,1.824
280.76,twitter,story,1864,15,0.187,0,Egypt,0.0138,0.426
172.43,tiktok,image,22726,19,0.445,1,UAE,0.0916,4.23
326.48,twitter,carousel,5605,16,0.461,0,Jordan,0.0188,0.742
3686.45,instagram,story,20939,18,0.097,0,Lebanon,0.0431,1.232
1412.14,tiktok,image,3309,17,0.464,0,Saudi Arabia,0.1137,5.5
187.23,facebook,image,9845,10,0.236,1,Saudi Arabia,0.0268,2.523
722.57,instagram,carousel,11934,22,-0.704,0,UAE,0.0329,0.904
190.88,facebook,video,6840,18,0.13,0,Egypt,0.029,1.181
81.55,tiktok,image,12644,16,0.678,0,Jordan,0.078,4.734
1009.85,instagram,video,6044,16,-0.289,0,Egypt,0.0432,1.529
1146.06,facebook,reel,3968,19,0.339,1,UAE,0.0316,2.222
1034.27,tiktok,image,47383,14,0.855,0,UAE,0.0818,7.062
264.31,instagram,video,25689,9,0.034,0,Saudi Arabia,0.0501,2.738
347.2,facebook,reel,3508,20,0.301,0,UAE,0.0215,1.539
792.18,facebook,carousel,15142,20,-0.156,0,Egypt,0.0205,0.393
573.84,instagram,reel,3579,17,0.87,0,Saudi Arabia,0.1125,2.763
283.08,twitter,video,2201,13,0.271,1,Saudi Arabia,0.0312,2.547
93.96,tiktok,story,25265,18,0.316,0,Egypt,0.0605,2.859
446.97,instagram,carousel,1243,12,0.774,0,Egypt,0.0487,2.426
1065.4,twitter,image,22461,14,0.532,0,Lebanon,0.0179,0.688
137.3,tiktok,reel,6136,15,-0.006,0,Lebanon,0.061,3.488
716.86,instagram,video,6420,21,0.073,0,Saudi Arabia,0.0738,3.547
543.69,tiktok,image,12717,17,0.473,0,Saudi Arabia,0.0824,5.816
792.45,instagram,image,15356,16,0.082,0,UAE,0.0585,3.79
884.28,twitter,carousel,3265,23,-0.441,0,UAE,0.0097,0.619
215.94,facebook,image,17845,19,0.281,1,Egypt,0.0297,1.303
94.14,facebook,image,9179,19,-0.218,0,Egypt,0.0175,0.506
249.59,instagram,image,2035,17,0.866,0,Saudi Arabia,0.0583,2.777
898.04,tiktok,video,6721,16,0.362,0,UAE,0.0851,7.327
247.69,instagram,video,37027,9,-0.017,0,UAE,0.0514,3.326
216.02,instagram,carousel,51238,22,0.055,0,Saudi Arabia,0.0537,3.49
78.32,instagram,image,17837,20,-0.361,0,UAE,0.0485,4.723
1953.51,tiktok,image,2187,17,-0.085,0,Saudi Arabia,0.0874,4.528
848.22,instagram,carousel,13900,17,0.656,1,Saudi Arabia,0.0671,3.579
806.66,twitter,video,20659,21,1.0,1,Lebanon,0.0263,1.559
963.87,facebook,carousel,18002,12,0.554,0,Lebanon,0.0185,0.627
677.93,instagram,image,19215,16,0.268,1,UAE,0.071,4.688
323.79,instagram,image,12083,13,0.149,1,Egypt,0.0447,1.775
348.14,instagram,image,7482,23,-0.035,0,Saudi Arabia,0.0539,2.508
274.57,facebook,video,4149,22,1.0,0,Lebanon,0.041,1.489
4321.11,tiktok,video,1004,9,0.234,0,Egypt,0.1023,4.629
665.36,instagram,reel,11773,12,1.0,0,Saudi Arabia,0.0766,6.11
265.76,tiktok,video,9943,17,0.788,0,Saudi Arabia,0.1444,10.093
613.36,instagram,carousel,14962,16,-0.309,0,Jordan,0.0428,1.783
162.43,tiktok,carousel,1860,13,0.067,1,Lebanon,0.0962,5.468
1562.52,twitter,image,16473,23,0.066,0,UAE,0.0161,0.925
222.52,tiktok,video,77652,19,0.272,0,Saudi Arabia,0.0989,7.322
633.32,tiktok,video,8833,20,0.279,0,UAE,0.0943,6.001
1052.98,tiktok,video,7571,15,1.0,0,Saudi Arabia,0.1505,12.67
570.37,instagram,image,11383,21,-0.077,1,UAE,0.0499,3.846
439.23,instagram,reel,75778,16,0.38,0,Lebanon,0.0729,3.371
407.37,instagram,story,2628,17,0.516,0,UAE,0.043,2.795
383.45,facebook,image,10132,20,0.299,0,UAE,0.0171,1.515
240.08,tiktok,carousel,3362,11,0.339,0,Lebanon,0.1158,4.651
269.2,facebook,reel,4439,23,-0.066,0,Lebanon,0.0352,1.5
1527.87,tiktok,image,7672,19,0.337,0,Egypt,0.0972,3.829
365.88,instagram,reel,35669,23,0.479,0,UAE,0.0655,3.799
198.9,tiktok,carousel,58752,14,0.415,0,UAE,0.0832,4.633
253.49,instagram,story,13265,14,0.5,0,Lebanon,0.053,2.32
1086.08,instagram,story,5354,13,0.794,0,UAE,0.0441,2.728
741.03,tiktok,image,125745,19,0.628,0,UAE,0.0738,3.218
668.01,twitter,video,5062,18,0.325,0,Saudi Arabia,0.0305,1.529
319.97,facebook,carousel,4323,16,-0.11,0,UAE,0.0216,1.276
675.89,instagram,image,1150,14,0.09,0,Egypt,0.0618,2.79
226.06,facebook,video,37635,13,0.223,0,Jordan,0.0192,1.017
319.37,instagram,story,23507,18,0.388,0,Lebanon,0.0456,0.727
965.67,tiktok,image,115796,16,0.133,0,Lebanon,0.0951,4.263
886.12,tiktok,video,1757,15,-0.028,1,Lebanon,0.1217,4.582
166.71,instagram,reel,40295,23,-0.116,0,Saudi Arabia,0.0534,3.297
186.8,instagram,video,8752,18,-0.278,0,Lebanon,0.0417,1.509
444.89,instagram,video,19667,23,0.218,0,Egypt,0.0731,2.573
1907.44,twitter,story,1322,16,-0.214,0,Egypt,0.0103,0.285
71.95,facebook,video,40736,19,-0.05,0,Egypt,0.0241,0.907
518.27,tiktok,image,19248,18,0.162,0,Saudi Arabia,0.0591,4.53
116.93,facebook,image,7763,11,-0.168,0,Jordan,0.0209,0.868
227.94,facebook,story,16475,23,0.433,0,Lebanon,0.0225,1.353
290.62,instagram,image,3491,17,0.559,0,UAE,0.055,4.846
276.32,twitter,video,4283,21,0.108,0,UAE,0.0167,1.189
249.53,instagram,image,4866,15,0.147,0,Jordan,0.0592,1.471
406.05,facebook,video,1055,17,0.488,1,Saudi Arabia,0.0379,3.806
249.2,tiktok,story,20908,15,0.05,0,Egypt,0.0481,1.536
108.18,facebook,video,30054,23,0.026,1,Lebanon,0.0204,1.239
813.94,twitter,story,3746,19,0.719,0,Jordan,0.0147,0.562
794.4,instagram,image,11884,19,0.609,0,Saudi Arabia,0.0401,1.84
861.66,facebook,video,6050,23,0.511,0,Saudi Arabia,0.0279,2.618
100.82,facebook,reel,11627,23,0.624,0,Jordan,0.0388,1.668
527.96,facebook,video,4062,21,-0.392,0,UAE,0.0212,1.289
741.28,instagram,image,3066,12,0.774,0,UAE,0.0583,4.311
159.48,instagram,reel,25778,15,0.437,0,Saudi Arabia,0.0611,3.748
406.77,instagram,video,7553,14,0.654,0,Lebanon,0.0731,3.536
363.35,instagram,carousel,74930,21,0.436,1,UAE,0.0883,4.823
2117.38,facebook,story,8526,19,0.317,0,UAE,0.0176,1.016
2280.26,facebook,image,2925,12,0.204,0,Lebanon,0.0216,0.593
90.2,facebook,video,31245,17,0.429,0,Egypt,0.0211,0.846
3806.76,facebook,image,16218,12,0.191,0,Saudi Arabia,0.0241,1.523
177.03,facebook,video,18025,18,0.604,1,UAE,0.0351,3.356
975.16,instagram,image,30021,11,-0.255,0,UAE,0.0401,1.222
966.27,facebook,carousel,3951,20,0.11,0,Saudi Arabia,0.0236,1.547
164.66,instagram,image,7044,20,1.0,0,Saudi Arabia,0.069,5.613
628.88,instagram,carousel,6710,23,0.081,0,Jordan,0.0576,2.051
366.21,facebook,image,1958,21,0.216,0,Jordan,0.0205,1.093
664.41,facebook,video,6063,16,-0.009,1,UAE,0.0378,2.392
496.51,instagram,video,35242,21,0.418,0,UAE,0.0567,2.639
1184.06,facebook,reel,10520,12,0.042,0,Saudi Arabia,0.03,2.28
431.76,facebook,video,1843,14,0.235,0,Saudi Arabia,0.0272,1.615
346.86,tiktok,video,1463,19,0.597,0,Saudi Arabia,0.139,9.332
1081.88,facebook,reel,50577,9,0.055,1,Saudi Arabia,0.0248,1.405
680.18,facebook,carousel,7336,18,0.576,0,Saudi Arabia,0.0281,2.37
779.48,instagram,image,3975,14,0.588,0,UAE,0.0432,2.534
221.82,tiktok,story,5994,18,0.669,0,UAE,0.0837,3.868
157.47,facebook,video,1595,14,0.349,0,UAE,0.0308,1.773
242.03,facebook,image,38770,20,1.0,0,Lebanon,0.0234,1.751
230.73,facebook,video,5258,18,0.669,0,Lebanon,0.0338,2.085
818.59,instagram,image,36466,23,0.414,1,Egypt,0.0583,2.497
971.06,facebook,image,8576,18,-0.007,0,UAE,0.0174,1.257
350.86,tiktok,reel,39045,15,0.266,0,UAE,0.1061,8.023
1462.39,tiktok,image,10746,17,0.799,0,Saudi Arabia,0.0784,4.874
1382.46,twitter,reel,20713,13,0.898,0,Egypt,0.0375,1.546
502.23,facebook,story,17872,20,0.817,0,UAE,0.0256,2.067
192.54,facebook,carousel,16084,20,0.575,0,Egypt,0.0284,0.996
1665.43,tiktok,reel,11881,23,-0.139,0,Jordan,0.1173,4.165
381.87,instagram,reel,6272,16,0.471,1,Saudi Arabia,0.0585,4.939
451.94,tiktok,story,66634,17,-0.134,0,Saudi Arabia,0.0294,0.875
297.19,facebook,video,2988,16,-0.221,0,Lebanon,0.0229,0.787
181.13,instagram,image,8141,19,0.384,0,Jordan,0.0384,1.776
107.58,instagram,video,8236,20,0.483,0,UAE,0.0681,6.384
713.07,tiktok,carousel,12615,18,0.616,0,Jordan,0.1077,2.863
199.33,instagram,image,5052,22,0.474,0,Saudi Arabia,0.0614,3.795
6333.31,instagram,carousel,11455,16,0.486,0,Lebanon,0.047,1.621
151.8,instagram,image,6729,22,-0.045,0,Lebanon,0.0461,2.328
130.11,instagram,story,1422,20,0.263,1,Egypt,0.053,2.572
638.5,instagram,image,8188,18,-0.227,0,Saudi Arabia,0.0427,2.99
1597.8,tiktok,image,2414,17,-0.401,0,Lebanon,0.0581,2.022
427.58,instagram,image,1202,23,0.559,0,Egypt,0.0702,2.628
675.21,tiktok,image,9419,15,0.036,0,Egypt,0.071,2.527
76.77,tiktok,image,13858,19,0.605,0,Saudi Arabia,0.1185,8.251
219.26,instagram,image,14463,15,0.688,0,Saudi Arabia,0.0461,4.075
153.51,instagram,image,15121,23,0.083,0,Lebanon,0.0493,1.408
73.29,facebook,image,966,22,0.507,0,Egypt,0.0248,0.914
448.22,instagram,video,1813,15,0.069,0,UAE,0.0591,3.833
53.59,instagram,video,71031,20,-0.346,1,Egypt,0.0634,3.382
122.73,twitter,video,2560,19,0.343,0,UAE,0.0223,0.706
248.77,twitter,video,15865,16,0.135,0,Saudi Arabia,0.0105,0.841
190.92,tiktok,image,3806,21,0.146,0,UAE,0.0357,2.188
576.38,instagram,image,8845,20,0.991,0,Lebanon,0.0756,2.117
531.14,tiktok,image,4037,19,-0.234,0,Egypt,0.0837,0.637
901.82,tiktok,reel,15028,18,0.434,0,Saudi Arabia,0.1642,6.19
794.05,facebook,story,9418,20,-0.048,0,Saudi Arabia,0.0162,0.829
1126.34,facebook,story,4948,19,0.618,0,Jordan,0.0163,0.769
402.73,instagram,video,2552,18,0.404,0,Jordan,0.0666,3.681
530.13,instagram,carousel,10878,15,0.433,0,Egypt,0.0576,1.96
639.29,facebook,video,2134,23,-0.031,0,UAE,0.0219,0.866
458.28,instagram,reel,12967,14,0.032,0,Saudi Arabia,0.0793,3.911
282.17,instagram,reel,145675,20,0.625,0,Egypt,0.1009,4.459
299.11,tiktok,reel,35781,17,0.92,0,UAE,0.1495,12.589
193.29,twitter,reel,17857,23,0.468,0,Lebanon,0.0239,0.929
589.61,facebook,video,7374,14,-0.014,0,Egypt,0.0194,0.789
370.7,tiktok,reel,960,15,0.419,0,Saudi Arabia,0.1669,9.065
222.1,twitter,reel,1892,14,1.0,0,Saudi Arabia,0.0305,1.905
222.29,instagram,video,33225,19,0.336,0,Jordan,0.061,2.558
135.73,facebook,story,3399,13,0.812,0,Saudi Arabia,0.0233,2.311
973.56,facebook,image,3754,16,0.041,1,UAE,0.0217,1.379
433.01,instagram,story,6753,9,0.285,0,UAE,0.0358,1.871
185.58,tiktok,reel,2519,19,0.517,1,UAE,0.1194,12.805
835.22,facebook,image,2101,16,0.439,0,Lebanon,0.0285,1.904
243.62,facebook,carousel,7665,12,0.032,0,Egypt,0.0206,0.777
113.77,instagram,image,3039,22,0.017,0,Egypt,0.0548,2.697
1011.41,instagram,reel,3586,13,0.646,0,UAE,0.075,6.391
248.79,twitter,reel,3431,21,0.717,0,UAE,0.0275,1.77
279.22,instagram,carousel,14394,15,0.829,1,Egypt,0.0605,3.414
418.66,instagram,reel,6277,23,0.931,0,Lebanon,0.0982,3.543
1128.15,instagram,image,6657,21,0.347,0,Saudi Arabia,0.0424,2.349
410.77,facebook,image,15625,14,0.191,0,Saudi Arabia,0.018,0.894
137.11,facebook,video,6930,14,0.773,0,Egypt,0.0334,1.449
658.19,facebook,image,5966,20,0.55,0,Lebanon,0.0247,0.92
260.74,instagram,video,13595,17,-0.044,0,Saudi Arabia,0.0396,2.036
2206.43,instagram,image,16899,17,-0.062,0,UAE,0.04,2.267
403.02,tiktok,video,6892,23,0.472,1,Saudi Arabia,0.1587,12.029
53.97,facebook,video,8854,15,0.238,1,Lebanon,0.0315,0.989
556.48,facebook,reel,3429,18,0.291,0,Saudi Arabia,0.0314,1.529
2321.89,facebook,image,3143,22,0.675,0,Saudi Arabia,0.0261,1.009
1666.25,tiktok,reel,18883,21,0.566,1,UAE,0.1482,12.07
2096.15,instagram,video,13219,17,0.765,0,Lebanon,0.062,3.189
161.13,instagram,video,13370,17,-0.376,0,UAE,0.0492,2.701
916.84,facebook,video,11036,11,0.389,0,UAE,0.0318,1.597
210.65,instagram,video,8525,14,0.543,1,Lebanon,0.0675,4.243
493.67,tiktok,image,17431,19,-0.234,1,Jordan,0.0728,2.832
128.3,facebook,video,22665,17,0.071,0,UAE,0.0196,0.89
225.88,tiktok,image,22078,18,0.006,0,Egypt,0.0832,3.519
219.51,tiktok,video,7252,22,0.308,0,Jordan,0.1087,6.293
905.69,facebook,carousel,37260,13,0.87,0,Lebanon,0.0229,1.406
829.35,twitter,video,10418,17,1.0,1,Saudi Arabia,0.0335,2.495
517.57,facebook,reel,16246,19,0.015,0,Egypt,0.0219,0.961
119.66,tiktok,image,11051,15,0.484,0,Saudi Arabia,0.0689,4.293
304.76,instagram,story,10632,23,0.496,0,UAE,0.032,2.593
206.13,facebook,reel,3607,22,0.436,0,Saudi Arabia,0.0274,1.609
882.46,facebook,story,17526,19,0.44,1,Lebanon,0.0286,1.405
1164.87,instagram,reel,185317,23,0.406,0,Saudi Arabia,0.056,1.315
1043.93,facebook,image,5365,12,0.891,1,Jordan,0.0322,1.873
204.45,twitter,carousel,8761,18,0.686,0,Jordan,0.0183,1.026
50.0,facebook,image,4960,19,-0.071,0,Lebanon,0.0221,0.867
82.25,instagram,reel,4737,14,0.579,0,Egypt,0.0628,4.257
1450.21,instagram,carousel,44306,19,0.612,0,UAE,0.06,2.787
281.15,instagram,image,3865,14,0.41,0,Jordan,0.051,2.146
205.27,instagram,story,4810,21,0.696,0,Lebanon,0.069,2.771
1769.4,twitter,image,1413,22,0.366,0,Jordan,0.0197,0.726
1259.72,facebook,carousel,3521,19,0.37,0,Egypt,0.0239,1.099
412.4,instagram,reel,1237,11,0.342,0,Lebanon,0.0777,4.686
309.8,facebook,image,16235,14,-0.406,0,Lebanon,0.0213,0.581
358.21,instagram,carousel,176251,20,0.272,0,Egypt,0.0355,1.113
494.94,instagram,reel,5413,18,0.066,0,Lebanon,0.0566,1.58
1702.82,tiktok,image,1295,7,-0.115,0,Saudi Arabia,0.0538,3.405
590.06,facebook,video,21807,23,0.802,0,Jordan,0.0304,2.06
775.44,twitter,image,3642,19,0.476,0,Saudi Arabia,0.017,1.034
1155.56,facebook,carousel,33836,15,0.29,0,UAE,0.0178,0.69
140.79,facebook,image,5941,22,0.102,1,Saudi Arabia,0.0306,1.515
795.82,tiktok,story,4044,15,0.404,0,Lebanon,0.054,2.428
309.48,twitter,reel,6662,15,0.647,0,Jordan,0.0254,1.52
50.0,tiktok,image,18649,19,0.011,1,UAE,0.1025,3.953
59.42,twitter,video,6309,23,0.298,0,UAE,0.0217,1.459
161.37,tiktok,carousel,4691,23,0.604,1,UAE,0.1031,13.102
650.73,tiktok,reel,6511,19,-0.378,0,Jordan,0.0693,2.215
446.94,instagram,video,2000,20,0.28,1,Lebanon,0.08,5.645
476.24,tiktok,image,12540,21,0.15,1,Egypt,0.0792,3.964
2335.19,facebook,image,1135,13,0.253,1,Egypt,0.027,0.798
128.74,facebook,story,4971,21,0.124,0,Egypt,0.0133,0.479
393.59,facebook,video,18682,15,0.348,0,Jordan,0.0327,1.483
530.59,twitter,reel,11308,19,0.973,1,Egypt,0.036,1.537
207.96,twitter,video,15511,17,0.187,0,Jordan,0.0215,0.752
413.85,instagram,story,7543,20,0.402,0,Lebanon,0.055,3.404
95.59,tiktok,image,29340,18,0.998,1,Egypt,0.1087,5.217
1434.99,tiktok,image,22407,6,0.107,0,Saudi Arabia,0.0455,3.044
218.45,instagram,story,13236,19,0.935,0,Saudi Arabia,0.0458,3.2
2510.56,instagram,story,22478,21,0.302,0,Egypt,0.039,1.326
391.81,instagram,video,18498,20,0.924,0,Jordan,0.078,5.014
1017.65,tiktok,video,4996,18,0.563,0,Egypt,0.1053,3.539
384.53,facebook,video,1847,23,0.407,0,Saudi Arabia,0.0201,1.466
392.42,twitter,video,12866,19,0.277,0,Saudi Arabia,0.0196,0.583
238.5,facebook,image,14775,20,0.082,1,UAE,0.0254,2.065
449.08,twitter,reel,26890,22,0.327,0,UAE,0.0234,0.574
537.11,facebook,image,2892,19,0.614,0,UAE,0.0309,2.033
199.17,tiktok,reel,2989,14,0.295,0,Lebanon,0.1601,8.839
360.49,instagram,image,13438,8,0.189,1,Lebanon,0.0504,2.938
232.97,facebook,image,7492,16,0.212,1,Egypt,0.0316,0.987
3196.14,tiktok,carousel,1018,21,0.647,0,Saudi Arabia,0.1295,5.557
372.13,twitter,video,12241,17,0.729,0,Jordan,0.0329,1.453
1620.85,tiktok,carousel,1056,21,0.066,0,Saudi Arabia,0.1235,6.654
338.3,instagram,image,2864,19,0.066,0,Lebanon,0.0551,1.092
509.46,instagram,story,35841,23,0.433,0,Lebanon,0.0458,2.046
122.83,instagram,reel,60316,17,0.835,0,UAE,0.076,6.766
269.79,instagram,reel,2127,20,0.701,0,Jordan,0.0852,4.277
487.59,facebook,image,5640,20,-0.138,0,UAE,0.0176,1.06
1681.44,tiktok,video,8492,23,0.208,0,Saudi Arabia,0.1164,6.663
492.64,tiktok,video,57489,11,-0.026,1,Jordan,0.0851,3.542
1401.57,tiktok,carousel,4711,16,0.206,0,Jordan,0.0889,1.884
718.13,tiktok,image,4795,21,0.862,0,UAE,0.0578,4.414
1745.26,tiktok,image,44515,23,-0.198,0,Lebanon,0.0813,2.017
382.55,instagram,video,5365,19,-0.267,1,Lebanon,0.0624,2.227
3467.54,instagram,image,17933,17,0.01,0,Lebanon,0.0464,1.772
260.64,facebook,video,1595,21,0.401,0,UAE,0.0408,3.767
202.39,tiktok,image,6711,21,0.517,0,Saudi Arabia,0.0938,6.434
135.77,instagram,image,1305,17,0.453,0,Jordan,0.0696,4.143
3287.63,facebook,carousel,2537,19,0.711,1,Saudi Arabia,0.0282,1.336
843.45,facebook,video,20396,23,-0.317,0,Saudi Arabia,0.0312,1.51
298.66,instagram,video,7670,23,0.716,0,UAE,0.0895,6.601
1241.56,facebook,carousel,5704,21,0.191,0,Egypt,0.0254,1.139
749.14,tiktok,reel,3555,18,0.556,0,Saudi Arabia,0.1687,9.384
2367.32,facebook,video,6356,18,-0.163,0,Egypt,0.0197,0.53
100.18,instagram,carousel,11284,20,0.302,0,Jordan,0.0533,3.418
317.72,tiktok,story,23889,18,0.383,0,UAE,0.0874,5.708
266.06,instagram,carousel,500,19,0.705,0,Lebanon,0.0476,1.759
68.28,tiktok,story,3245,14,-0.255,1,UAE,0.0734,8.373
1047.64,instagram,reel,9652,23,0.311,1,Saudi Arabia,0.0917,4.655
316.28,facebook,image,7268,13,-0.08,1,Jordan,0.0291,1.388
784.99,facebook,video,12628,16,0.477,0,UAE,0.0219,1.549
3373.8,instagram,carousel,10875,18,0.572,0,Egypt,0.0797,3.136
293.56,tiktok,story,5794,23,0.751,0,Saudi Arabia,0.0721,4.996
276.16,instagram,video,4538,16,0.113,1,UAE,0.0692,4.844
448.9,instagram,image,6185,15,0.625,0,UAE,0.0423,2.819
980.95,instagram,carousel,28670,16,0.776,0,Saudi Arabia,0.0504,2.463
242.25,tiktok,image,3622,23,-0.275,0,Saudi Arabia,0.0704,5.46
228.64,tiktok,reel,7562,7,0.514,0,Saudi Arabia,0.0775,5.024
1044.68,twitter,video,9913,14,0.635,1,UAE,0.0322,2.989
567.24,instagram,reel,45088,23,0.209,0,Egypt,0.0559,1.858
64.06,facebook,reel,5823,20,-0.124,0,Lebanon,0.0214,0.819
133.91,instagram,carousel,23264,14,0.63,0,Jordan,0.0531,2.61
1557.93,facebook,carousel,31419,18,-0.12,0,UAE,0.0217,0.663
579.25,twitter,reel,7554,18,0.238,0,Lebanon,0.0223,0.888
203.17,tiktok,reel,6426,21,0.286,1,Saudi Arabia,0.144,9.923
346.07,facebook,reel,5642,23,0.55,0,Saudi Arabia,0.0385,3.36
408.26,facebook,image,6115,20,0.081,0,Saudi Arabia,0.0245,0.97
782.24,twitter,carousel,20736,16,0.06,0,Saudi Arabia,0.0156,0.717
118.81,facebook,image,10447,21,0.335,0,Jordan,0.0178,0.699
189.26,instagram,reel,10496,15,0.652,0,Saudi Arabia,0.079,7.813
515.77,instagram,carousel,2350,14,1.0,0,Saudi Arabia,0.0771,4.553
368.76,instagram,video,2795,11,-0.228,1,UAE,0.0443,3.162
674.97,instagram,image,85630,12,0.41,0,Lebanon,0.0363,1.97
133.41,instagram,video,6663,14,-0.08,0,Saudi Arabia,0.0485,2.673
556.36,facebook,reel,3455,13,0.657,0,UAE,0.0335,1.55
1077.53,facebook,image,39112,19,-0.028,0,Saudi Arabia,0.0158,0.529
625.24,instagram,image,11047,13,0.064,0,Lebanon,0.0474,2.227
457.24,facebook,reel,15305,5,0.094,1,Jordan,0.0163,0.566
370.07,twitter,reel,6961,14,0.273,0,Saudi Arabia,0.0163,1.093
190.31,tiktok,image,5707,16,0.413,1,Egypt,0.0966,5.004
378.12,facebook,image,6724,16,0.469,0,Saudi Arabia,0.0224,1.601
1253.55,instagram,story,1770,23,0.298,0,Lebanon,0.0318,1.436
362.45,tiktok,reel,7356,16,-0.165,0,Egypt,0.0879,2.17
181.12,instagram,carousel,11222,22,0.555,0,Saudi Arabia,0.0561,2.997
259.04,instagram,video,62038,18,0.281,1,Egypt,0.0686,3.806
483.36,twitter,image,8907,18,0.707,0,UAE,0.0193,1.176
288.25,facebook,image,621,15,0.052,0,Saudi Arabia,0.0188,0.336
624.39,tiktok,reel,7307,18,-0.261,0,Egypt,0.1215,4.207
645.84,facebook,image,164959,15,0.288,1,Saudi Arabia,0.0249,1.311
897.92,facebook,image,21015,19,0.754,0,UAE,0.0211,1.662
1452.74,instagram,reel,3321,17,0.356,0,Saudi Arabia,0.0764,5.941
988.58,instagram,story,15525,14,0.23,0,Saudi Arabia,0.0392,2.223
174.02,instagram,reel,3582,22,-0.005,1,Jordan,0.0948,6.167
178.9,instagram,video,1827,20,0.915,0,UAE,0.0765,6.542
376.83,tiktok,video,5523,16,-0.06,0,UAE,0.1103,8.617
268.79,instagram,video,8961,19,0.046,1,Egypt,0.0733,2.314
144.82,facebook,video,1033,18,0.5,0,Saudi Arabia,0.0433,3.046
271.1,tiktok,carousel,2289,15,-0.35,0,Egypt,0.0913,3.225
263.21,tiktok,video,8195,18,0.746,0,Saudi Arabia,0.1336,9.31
220.38,facebook,carousel,5171,16,0.518,0,UAE,0.026,2.402
303.62,facebook,reel,12510,14,0.615,0,Egypt,0.0365,1.415
1165.15,twitter,story,2129,12,0.495,0,Lebanon,0.0139,0.916
482.66,facebook,image,17774,17,0.244,0,UAE,0.0271,2.567
3731.73,tiktok,video,2203,20,-0.072,0,Saudi Arabia,0.1024,5.083
470.34,twitter,image,49365,15,0.251,0,Egypt,0.0137,0.581
310.74,tiktok,video,1227,23,-0.041,0,Egypt,0.0931,4.14
404.93,instagram,image,2436,22,0.47,1,UAE,0.0506,2.893
508.18,facebook,image,12824,23,0.582,0,Lebanon,0.0255,0.807
596.89,instagram,reel,50546,21,0.817,0,Jordan,0.0674,4.705
2615.05,facebook,video,11459,23,0.43,0,Lebanon,0.0358,1.548
188.52,twitter,story,15050,15,0.624,0,UAE,0.0114,0.807
874.05,facebook,image,8260,8,0.196,0,UAE,0.0171,1.004
486.37,facebook,image,2620,16,0.133,0,Saudi Arabia,0.0256,0.589
98.1,instagram,video,4726,20,0.466,1,Egypt,0.053,2.713
807.25,twitter,image,2136,19,0.165,0,Egypt,0.0224,0.634
1262.52,instagram,image,1985,19,0.394,0,Egypt,0.0496,2.247
186.52,instagram,story,12605,23,-0.071,0,Lebanon,0.0359,1.78
400.2,instagram,image,2355,20,-0.009,0,UAE,0.0507,3.299
85.39,instagram,image,11516,21,0.522,0,Saudi Arabia,0.0593,4.807
129.94,facebook,carousel,1935,14,0.61,0,Lebanon,0.0297,0.969
1036.11,facebook,video,11226,14,-0.045,1,UAE,0.0349,2.535
265.13,instagram,carousel,4733,23,0.535,0,UAE,0.0669,5.515
148.72,instagram,video,38073,18,0.114,0,Lebanon,0.0776,4.419
495.97,instagram,reel,11569,16,0.306,0,Saudi Arabia,0.0766,7.105
252.1,facebook,image,31551,16,0.796,0,Egypt,0.0329,0.884
264.08,instagram,video,3529,15,0.583,1,Lebanon,0.1028,5.482
784.77,tiktok,carousel,8619,15,0.579,0,Saudi Arabia,0.0684,3.599
141.8,instagram,reel,2753,13,0.968,0,Egypt,0.1273,6.773
178.6,instagram,video,5141,12,0.054,0,Egypt,0.0509,1.887
463.44,facebook,carousel,6073,17,-0.045,0,Egypt,0.0283,0.887
965.33,facebook,image,3646,16,0.047,0,Saudi Arabia,0.0204,1.353
1229.48,instagram,image,2128,22,0.211,0,Egypt,0.0589,1.476
221.73,instagram,image,1711,19,-0.524,0,UAE,0.0323,1.122
937.9,tiktok,reel,617,19,0.227,0,UAE,0.1416,6.209
199.19,instagram,image,2535,15,0.109,0,Lebanon,0.0446,1.723
2087.22,facebook,reel,16159,18,0.574,0,Saudi Arabia,0.0439,1.848
145.42,facebook,image,1396,19,0.423,0,UAE,0.0263,1.858
1333.59,instagram,reel,1799,21,0.09,0,UAE,0.0812,4.264
223.44,facebook,reel,58103,18,0.506,0,Egypt,0.0194,0.667
2469.87,tiktok,image,4023,22,0.553,0,UAE,0.0894,6.777
686.9,tiktok,image,11535,18,0.031,1,UAE,0.0948,6.253
161.67,instagram,image,16424,21,0.127,0,Lebanon,0.0468,2.57
252.14,instagram,reel,16794,16,-0.479,0,Saudi Arabia,0.0583,2.534
814.9,instagram,image,1518,11,-0.082,0,UAE,0.0376,1.971
1040.42,facebook,carousel,6284,19,0.04,0,UAE,0.0234,1.097
378.55,tiktok,video,1366,21,0.326,1,UAE,0.1728,13.405
419.97,instagram,reel,119485,20,-0.031,0,Egypt,0.0338,1.342
798.33,instagram,video,1401,20,0.12,0,Jordan,0.0734,2.712
454.24,twitter,video,2559,17,-0.129,1,Saudi Arabia,0.022,1.537
125.95,instagram,story,2579,15,0.36,1,Saudi Arabia,0.0436,2.83
194.09,facebook,image,1561,20,0.449,1,Egypt,0.0312,1.89
498.5,tiktok,reel,35877,20,0.441,0,Jordan,0.1453,5.92
1204.64,instagram,image,116388,16,0.304,0,Saudi Arabia,0.0525,3.648
1727.42,instagram,video,4801,22,-0.239,0,Egypt,0.0528,1.514
813.69,instagram,reel,1896,14,0.083,0,Jordan,0.0772,4.322
522.47,twitter,carousel,691,16,0.157,0,Egypt,0.0223,0.567
791.5,instagram,carousel,6194,23,0.159,0,Saudi Arabia,0.0523,1.84
221.39,instagram,image,5721,21,0.326,0,Lebanon,0.044,1.7
351.46,instagram,video,3958,17,0.799,0,Lebanon,0.0711,2.402
192.15,instagram,video,10337,19,0.584,0,Saudi Arabia,0.0841,3.909
131.12,facebook,carousel,12515,19,-0.046,0,Saudi Arabia,0.0217,1.456
544.68,instagram,video,11560,7,0.537,0,UAE,0.0436,2.96
476.74,facebook,video,5723,14,0.524,0,Saudi Arabia,0.0217,1.251
749.11,facebook,video,2412,18,0.018,0,Saudi Arabia,0.032,1.532
659.51,tiktok,image,16855,17,0.597,0,Egypt,0.0797,2.784
501.89,instagram,video,8215,19,0.244,0,Lebanon,0.0694,4.115
665.78,tiktok,image,21529,23,-0.193,0,UAE,0.0781,3.248
388.23,facebook,reel,19323,17,0.459,0,Egypt,0.0248,0.674
584.99,instagram,carousel,1696,14,0.376,0,Egypt,0.0586,2.7
209.87,tiktok,image,1672,19,0.22,0,Jordan,0.0821,3.628
562.69,tiktok,carousel,3529,17,0.287,0,Egypt,0.1032,5.817
736.25,instagram,reel,2535,17,0.048,0,Egypt,0.0827,2.41
220.81,twitter,image,18597,17,0.514,1,UAE,0.0156,1.624
422.69,facebook,image,11925,23,0.285,0,UAE,0.0232,1.868
230.16,facebook,image,27149,9,0.358,0,UAE,0.0211,1.243
251.17,twitter,image,12533,16,0.425,1,Saudi Arabia,0.0194,1.254
146.58,instagram,reel,10193,18,-0.104,1,Jordan,0.0713,4.279
1260.42,tiktok,story,30324,15,-0.013,0,UAE,0.0621,3.749
1052.7,instagram,image,13584,22,-0.473,0,Saudi Arabia,0.0368,0.995
654.38,tiktok,reel,8733,21,0.498,1,UAE,0.1684,9.617
2380.29,facebook,image,41295,18,-0.124,0,Lebanon,0.0194,0.234
340.25,instagram,carousel,9197,17,0.346,0,UAE,0.0471,3.554
6176.99,facebook,reel,5797,18,0.43,0,Lebanon,0.0398,1.433
328.73,instagram,video,3224,18,0.511,0,Jordan,0.0897,4.316
507.59,instagram,image,17559,18,-0.121,0,UAE,0.0423,1.305
282.03,instagram,carousel,31595,17,0.277,0,Egypt,0.0391,1.105
564.02,instagram,story,7664,19,0.885,0,Egypt,0.05,1.996
855.81,instagram,image,34156,21,0.9,0,UAE,0.0587,3.609
364.12,instagram,image,927,13,0.646,0,Lebanon,0.0446,2.257
1996.29,tiktok,image,7623,14,0.418,1,Egypt,0.0926,4.601
500.31,tiktok,carousel,7753,11,-0.052,0,UAE,0.0552,4.765
