budget_usd,channel,industry,audience_size,duration_days,country,predicted_roi
15501.73,instagram,services,323293,22,SA,2.2585
8833.68,x,ecommerce,358333,15,SA,2.8837
17186.1,facebook,services,134496,32,LB,1.5625
13977.62,tiktok,services,179200,40,LB,2.1981
1974.13,x,fnb,472581,17,SA,2.5879
19514.88,x,retail,426082,46,SA,2.7925
15246.68,instagram,fnb,207106,39,SA,2.95
15742.68,google,services,121247,12,LB,2.1466
2649.46,facebook,retail,151375,56,SA,2.1293
9062.68,facebook,retail,269658,5,LB,1.987
7478.88,instagram,fnb,283823,40,LB,2.2043
18542.62,x,ecommerce,92885,28,SA,3.448
12912.92,google,services,33850,40,EG,1.9646
16472.96,tiktok,services,248155,47,EG,3.0582
8923.94,instagram,services,398932,42,JO,1.9927
4622.05,facebook,retail,77080,40,JO,1.8956
11136.24,instagram,fnb,204769,50,AE,3.2702
1369.96,facebook,retail,81627,43,EG,1.5935
16569.86,facebook,ecommerce,121825,49,LB,2.3419
12670.12,google,ecommerce,306499,25,JO,2.7929
15185.95,facebook,fnb,143811,14,AE,2.1531
7155.07,facebook,fnb,132629,16,EG,1.4489
19416.89,tiktok,fnb,497836,37,JO,3.5316
17873.11,instagram,ecommerce,87011,33,EG,3.3739
15589.83,tiktok,fnb,95454,7,JO,3.3645
3973.31,facebook,ecommerce,464954,14,LB,2.289
9387.75,instagram,fnb,275553,58,LB,1.8637
971.69,tiktok,services,22458,44,EG,1.6964
3170.36,google,services,213054,46,SA,2.4101
13692.67,tiktok,fnb,283008,14,LB,2.487
14920.77,tiktok,ecommerce,127342,6,EG,3.81
19353.44,tiktok,services,274583,19,LB,3.251
6583.92,instagram,ecommerce,324608,51,JO,2.7193
7472.15,instagram,ecommerce,126053,31,LB,2.5319
9444.16,tiktok,retail,406387,47,SA,2.7543
3870.48,facebook,retail,226933,30,JO,2.2669
2685.44,google,services,481767,30,SA,2.6987
9566.53,google,fnb,44781,37,EG,2.2308
4615.5,instagram,fnb,162794,57,EG,2.3768
13429.3,instagram,retail,360913,27,JO,2.3621
8799.32,instagram,fnb,447562,36,SA,3.5227
16670.3,google,fnb,111626,55,JO,1.855
14035.28,google,fnb,490144,24,SA,4.1152
6316.1,facebook,services,97499,50,JO,1.6259
16661.97,tiktok,services,208645,33,EG,3.0222
16114.81,facebook,fnb,158124,53,LB,1.9384
7810.82,tiktok,retail,212737,29,EG,2.6231
5837.73,instagram,services,451282,38,JO,1.8607
13681.66,instagram,retail,366542,21,LB,2.6978
2881.07,tiktok,fnb,398436,39,JO,2.2899
4078.17,instagram,fnb,127745,21,LB,2.1698
246.51,instagram,retail,473499,37,JO,1.9256
15759.8,google,fnb,218333,47,EG,2.5766
13330.53,x,fnb,326329,27,LB,1.6368
14132.79,facebook,ecommerce,349162,27,EG,2.7197
15636.51,instagram,ecommerce,331797,21,LB,3.2671
9232.42,x,retail,301296,44,SA,2.2264
11417.95,tiktok,services,240535,36,JO,2.366
2881.96,instagram,services,324172,32,AE,2.8859
2379.15,tiktok,fnb,452687,4,LB,2.3818
13401.22,facebook,fnb,195497,9,SA,2.6327
9474.81,facebook,ecommerce,255927,3,AE,3.2656
11348.2,google,fnb,90857,51,LB,2.316
15323.48,tiktok,retail,178174,51,SA,2.7732
12730.89,google,fnb,386251,6,AE,3.3634
11116.23,instagram,fnb,320547,5,LB,2.0696
11228.22,x,fnb,106361,47,AE,2.7954
6148.61,tiktok,retail,273523,32,LB,2.3329
713.27,google,retail,406168,20,JO,1.8085
8790.68,facebook,ecommerce,62885,38,JO,2.2201
4370.23,facebook,retail,31912,16,AE,2.044
8229.72,google,services,196969,14,JO,1.8623
17082.72,x,services,328617,23,SA,2.1143
4755.4,x,services,157349,54,JO,1.2762
1260.22,instagram,ecommerce,410695,46,LB,2.5956
5699.54,facebook,retail,423570,13,AE,2.5686
5942.52,x,fnb,266727,35,EG,2.1552
13272.14,google,retail,190042,53,AE,2.568
11184.94,instagram,services,21816,57,JO,1.9277
15699.57,google,services,410956,46,SA,2.5085
13319.84,x,ecommerce,447745,10,SA,3.1278
8187.1,instagram,fnb,221752,16,SA,3.4593
16299.01,google,retail,258717,15,EG,3.2601
3422.76,google,ecommerce,376996,11,LB,2.6158
551.97,tiktok,services,347990,12,EG,2.0157
1891.95,google,ecommerce,68505,21,EG,2.6265
14474.95,instagram,fnb,336483,34,JO,3.4183
9291.36,x,fnb,462400,25,JO,1.7452
3309.31,x,fnb,375592,26,EG,1.8543
10070.79,x,services,240799,17,SA,2.3183
3131.01,google,retail,262057,11,SA,2.5972
13956.78,facebook,ecommerce,130639,59,AE,2.8534
8978.51,instagram,retail,330718,37,JO,1.9759
7682.32,tiktok,fnb,121503,16,AE,4.3527
6100.09,x,fnb,171587,49,SA,1.9414
12642.62,tiktok,services,133273,50,LB,2.0569
7300.07,tiktok,services,168324,58,AE,3.1978
1844.23,facebook,ecommerce,183995,12,AE,2.9209
2448.32,google,ecommerce,42405,39,SA,2.4607
19241.76,instagram,retail,359042,58,SA,2.5204
18180.76,facebook,retail,221055,48,EG,2.058
14024.17,x,ecommerce,474851,15,SA,2.9124
5390.81,facebook,fnb,91261,53,LB,1.7944
19386.61,facebook,retail,334849,27,SA,2.4828
15597.14,facebook,ecommerce,90414,30,LB,2.5338
14366.11,tiktok,services,274035,34,JO,2.5553
9042.29,facebook,retail,245949,46,EG,2.0723
5517.61,x,ecommerce,224850,9,AE,3.3674
2018.18,tiktok,services,327701,33,AE,2.8295
18061.79,instagram,services,414269,49,LB,1.9636
9169.95,facebook,ecommerce,159044,34,AE,3.0321
4127.03,tiktok,fnb,424978,18,LB,2.6038
6188.54,facebook,fnb,93240,6,JO,1.9963
11626.47,x,services,147225,34,LB,1.4636
3617.78,instagram,retail,156024,43,EG,1.6118
17146.62,tiktok,retail,476756,34,SA,3.4172
15194.54,facebook,ecommerce,60168,58,AE,2.9934
14417.31,facebook,retail,198162,37,JO,2.0887
8698.65,instagram,services,212794,31,LB,2.4015
12583.45,facebook,fnb,400238,6,JO,2.8919
11723.55,google,retail,243463,34,EG,2.6168
13031.95,x,services,483443,12,EG,2.3244
1780.44,x,ecommerce,370419,44,JO,2.0645
8374.57,instagram,fnb,352125,12,SA,4.1995
928.12,google,retail,376706,54,AE,2.9609
9930.42,tiktok,retail,81613,20,LB,2.6479
6664.24,facebook,retail,225076,27,JO,2.1948
2976.03,facebook,ecommerce,293482,11,SA,2.9178
2157.72,tiktok,fnb,105029,15,JO,2.416
11794.13,tiktok,fnb,60269,55,AE,3.1316
3494.8,facebook,retail,68747,19,JO,1.9497
18509.89,x,fnb,394781,32,JO,2.0218
11663.12,google,ecommerce,328783,58,AE,3.3445
7002.71,tiktok,fnb,141376,38,SA,2.4473
11859.22,x,services,368866,5,EG,2.2801
553.8,x,retail,347912,23,AE,2.1423
19175.33,x,retail,408434,25,LB,2.0794
9697.84,instagram,services,455134,18,AE,3.8753
15676.43,x,retail,441234,16,SA,2.791
1746.33,tiktok,fnb,91323,31,LB,2.5934
9784.5,google,fnb,384859,24,AE,3.0798
9865.07,x,retail,197036,19,JO,2.4435
18762.75,facebook,services,202157,26,LB,2.241
11477.39,tiktok,ecommerce,323912,22,LB,3.2198
9522.44,facebook,retail,301491,16,SA,3.284
5412.82,instagram,ecommerce,210409,28,LB,2.2169
6698.22,tiktok,services,499743,56,LB,2.0328
10461.38,x,services,88234,31,LB,1.8553
8834.34,x,retail,49359,37,LB,1.1991
530.08,instagram,ecommerce,15506,59,JO,1.8767
16543.21,instagram,retail,407305,37,LB,2.5176
17933.6,tiktok,ecommerce,203892,15,SA,5.3353
2890.96,x,services,219234,25,EG,1.3877
11125.32,x,fnb,324955,30,EG,2.6535
2260.66,instagram,retail,218262,30,EG,2.0669
13477.58,facebook,services,287418,11,AE,2.6376
5696.55,google,retail,30168,9,JO,1.6221
13222.51,instagram,services,78964,22,LB,1.8467
14567.19,facebook,ecommerce,466086,55,LB,2.3835
15396.09,facebook,fnb,225896,43,JO,1.9347
2244.04,tiktok,retail,84525,50,LB,2.041
18328.64,instagram,retail,185366,12,LB,2.157
4681.26,tiktok,retail,168059,26,LB,1.9609
844.51,instagram,retail,137826,36,LB,1.6646
11141.56,google,retail,147512,27,LB,2.2324
7481.35,google,services,364906,26,SA,2.8082
16612.82,tiktok,fnb,54276,23,EG,2.9611
16184.2,facebook,ecommerce,155516,5,LB,2.5186
6411.06,tiktok,ecommerce,234507,51,JO,3.0896
19062.7,google,ecommerce,270530,56,LB,2.3722
5889.26,instagram,services,440372,7,EG,2.0292
10349.64,instagram,fnb,461688,26,JO,2.8114
5193.71,tiktok,ecommerce,149409,32,SA,3.9472
18727.27,instagram,retail,270098,47,SA,2.5576
3375.7,tiktok,fnb,12155,59,LB,1.6429
993.72,instagram,fnb,308894,26,AE,2.8505
8758.43,instagram,services,77298,45,JO,1.9136
19848.27,google,services,37549,56,AE,2.2809
17844.38,tiktok,ecommerce,336188,50,LB,3.1462
14997.3,tiktok,ecommerce,89888,19,EG,2.6542
17826.77,google,fnb,239210,49,EG,2.0726
17879.59,instagram,ecommerce,51374,26,LB,2.5336
10425.28,facebook,retail,373089,3,LB,1.9106
6386.99,x,ecommerce,382641,46,LB,1.6216
15463.05,facebook,retail,287829,50,LB,1.7545
13267.06,tiktok,ecommerce,418124,22,EG,3.4152
7535.79,instagram,fnb,218964,28,LB,2.3209
1979.89,instagram,ecommerce,94041,23,EG,2.6207
14961.11,facebook,retail,76515,9,LB,1.7254
5322.96,x,fnb,110416,59,JO,1.9251
18742.58,tiktok,ecommerce,100953,4,EG,3.3551
4895.31,instagram,retail,162280,34,AE,2.6685
2542.88,google,fnb,107954,3,SA,2.7409
16639.14,facebook,retail,295947,42,LB,2.0057
3150.36,tiktok,fnb,75032,54,LB,2.3627
3667.44,tiktok,fnb,311276,39,SA,3.1367
12027.72,tiktok,services,167716,37,LB,2.4611
17503.78,facebook,fnb,343690,50,EG,2.3742
4009.05,x,retail,256948,58,AE,2.4794
6275.44,instagram,retail,452691,52,LB,2.3718
15570.36,google,ecommerce,220498,16,SA,3.8757
19439.35,google,ecommerce,148225,35,SA,3.5123
10064.75,instagram,retail,294970,49,EG,2.4883
2963.56,facebook,retail,329720,19,LB,1.8268
377.33,instagram,retail,220180,41,SA,2.89
4670.15,x,ecommerce,280301,4,JO,2.0727
2723.26,x,services,235961,53,AE,1.8774
13585.41,x,ecommerce,153612,38,JO,2.0455
2524.47,instagram,fnb,157468,45,EG,1.9298
10175.97,google,services,453800,50,SA,2.9068
13915.82,facebook,retail,337992,15,JO,1.99
11664.22,google,services,48646,28,JO,2.277
4075.54,tiktok,services,481077,51,AE,2.5182
16102.08,google,fnb,356288,12,JO,2.72
14336.6,google,services,26032,49,LB,1.9477
14805.78,x,services,364208,19,LB,1.361
2708.05,tiktok,fnb,295222,35,LB,2.994
2562.7,instagram,retail,457747,32,AE,2.8615
18558.49,tiktok,retail,245196,42,JO,2.6457
8011.81,facebook,ecommerce,259771,50,EG,2.5343
6088.88,facebook,fnb,158041,22,EG,2.5243
9822.82,tiktok,fnb,161489,12,LB,2.7223
13291.0,x,services,309342,27,SA,2.7547
19116.9,tiktok,fnb,414042,37,AE,4.3991
5800.28,google,fnb,445444,45,SA,3.7234
18503.69,facebook,services,385634,45,AE,2.916
594.7,tiktok,services,305275,22,AE,3.5846
11148.44,google,services,250657,56,JO,2.1705
12716.1,instagram,retail,170463,7,SA,2.4084
2207.36,facebook,fnb,384160,9,SA,3.5498
2892.76,facebook,fnb,159754,4,LB,1.7158
8440.37,x,services,134669,55,EG,1.8794
19328.02,google,retail,434064,13,SA,3.3174
11961.25,instagram,retail,295163,37,AE,3.6771
18667.16,instagram,ecommerce,177755,49,EG,2.6377
16106.78,facebook,services,432726,46,LB,2.0237
9400.89,x,ecommerce,481378,57,SA,2.6356
15716.79,facebook,fnb,159674,6,JO,2.6844
454.95,google,ecommerce,261187,26,SA,3.1476
2271.97,instagram,fnb,242291,31,LB,2.4461
16605.63,instagram,services,351122,42,AE,2.3325
15956.66,instagram,retail,475571,38,LB,2.3468
4729.55,x,ecommerce,274716,34,SA,2.883
10662.31,facebook,fnb,399307,20,AE,3.4382
12159.71,instagram,ecommerce,298206,9,LB,3.0802
17368.01,instagram,fnb,443632,27,EG,2.9103
12101.83,instagram,ecommerce,202889,17,LB,2.8034
8310.17,facebook,fnb,193238,34,AE,3.409
7546.26,x,retail,211787,48,JO,1.2173
8575.05,instagram,retail,498256,34,LB,2.4571
13073.43,tiktok,services,306109,36,AE,3.2788
17363.06,instagram,retail,77130,5,AE,2.7615
9132.55,x,fnb,21405,39,SA,2.3332
5032.01,instagram,services,259866,28,AE,3.4061
4809.58,instagram,fnb,403042,10,JO,2.8431
14945.68,instagram,retail,240157,15,LB,2.331
16349.72,instagram,services,280544,47,JO,2.452
2195.03,facebook,services,399417,55,SA,2.3438
1424.52,google,services,258655,31,LB,1.748
11929.23,facebook,ecommerce,454400,58,LB,2.0179
3008.85,instagram,retail,319329,13,LB,1.9342
16510.82,instagram,fnb,365838,20,AE,4.3743
6275.66,instagram,retail,390950,56,AE,2.8722
2963.05,google,ecommerce,313781,12,EG,2.3202
18427.31,tiktok,services,25983,40,AE,2.3817
3394.08,x,retail,214287,15,EG,1.9891
5765.93,instagram,services,71601,21,AE,2.6677
3156.91,x,retail,255652,30,AE,2.4267
2398.25,facebook,fnb,72439,23,AE,3.0578
520.85,tiktok,services,255140,52,AE,2.1157
1202.37,google,services,172575,58,JO,1.5889
3575.37,tiktok,ecommerce,11163,31,AE,3.2176
1162.3,x,services,63312,32,AE,1.9702
11863.76,instagram,ecommerce,252019,6,JO,3.2658
13646.22,facebook,services,40330,16,EG,1.6356
7933.25,google,retail,428129,5,LB,2.2795
6428.02,facebook,retail,379589,51,JO,2.1099
10140.07,google,ecommerce,354927,15,LB,2.6348
17512.6,google,retail,86886,22,LB,2.1662
17037.52,x,fnb,398058,51,SA,2.7969
965.15,tiktok,retail,317711,43,EG,2.2984
3711.82,x,fnb,195852,38,LB,1.8321
4811.22,facebook,services,1207,5,EG,1.624
5062.81,tiktok,retail,264957,35,LB,2.0182
11467.53,facebook,fnb,398157,34,EG,2.7594
8383.62,google,ecommerce,17708,21,LB,2.6016
1080.16,google,retail,27262,45,SA,2.1391
7534.92,x,retail,192115,55,EG,1.3935
10522.68,google,fnb,256275,17,AE,3.4897
2123.27,instagram,ecommerce,237733,21,EG,2.8243
16685.83,facebook,fnb,213675,21,EG,2.2306
1134.04,x,services,128349,50,EG,1.3367
18504.35,tiktok,retail,30872,7,AE,2.6931
2072.35,facebook,services,16589,54,EG,1.5153
16887.14,x,retail,50306,47,EG,1.7727
18062.8,x,services,345513,30,AE,2.0952
19593.46,tiktok,retail,393203,36,EG,3.0278
16060.32,google,ecommerce,218108,53,JO,2.548
15611.6,facebook,fnb,39631,46,JO,2.1095
12885.42,facebook,retail,208423,18,EG,2.1623
15602.03,instagram,fnb,492835,5,EG,2.6312
2777.59,google,retail,125743,40,JO,1.7192
10767.75,facebook,retail,246066,11,AE,2.6673
10333.04,facebook,services,269377,8,EG,2.0666
17165.69,google,fnb,165638,58,LB,2.1906
9309.71,google,fnb,219575,30,AE,3.3207
7763.28,google,ecommerce,236398,40,JO,2.4384
12827.31,google,retail,237518,15,AE,3.0934
5402.62,x,fnb,359123,8,JO,2.5589
2881.39,google,retail,290854,6,SA,2.4294
9609.76,tiktok,fnb,27646,23,AE,3.288
8396.1,x,fnb,4155,3,LB,2.1063
4728.14,instagram,retail,205937,26,SA,3.1218
7413.49,facebook,retail,453940,21,SA,2.3962
7391.21,google,ecommerce,19410,33,SA,3.3019
6617.16,instagram,retail,36472,36,LB,1.6944
7651.34,x,ecommerce,339951,20,AE,3.511
13746.29,tiktok,ecommerce,226011,28,LB,2.9679
6007.84,x,fnb,116085,7,AE,2.3905
18982.27,facebook,fnb,104479,20,JO,2.8242
18335.33,google,ecommerce,332838,58,LB,2.6313
9670.12,tiktok,ecommerce,262367,59,EG,3.2288
6634.39,tiktok,retail,319476,30,LB,2.5428
10755.15,instagram,ecommerce,140834,56,SA,3.1006
16986.35,x,ecommerce,263659,31,JO,2.5211
13086.49,instagram,retail,430143,10,AE,3.9325
16107.4,x,retail,158976,52,LB,1.6595
10701.17,tiktok,services,198783,26,SA,3.9878
12695.06,facebook,retail,82707,37,AE,2.9064
5834.3,x,services,319739,39,JO,1.7041
14724.37,facebook,retail,17223,20,JO,1.9613
4127.85,instagram,services,125190,44,EG,2.0403
13926.48,x,retail,356816,31,EG,1.7538
17228.31,x,retail,10683,23,EG,1.764
2728.85,x,retail,494555,19,EG,1.9518
12326.16,tiktok,retail,202673,45,SA,3.0649
1992.41,google,services,199952,17,JO,2.0024
14541.74,instagram,retail,268706,10,AE,3.3763
1781.42,google,ecommerce,319952,53,LB,2.2773
18725.2,tiktok,services,230314,21,EG,3.0569
2834.42,facebook,fnb,442240,39,EG,2.2091
19181.72,tiktok,ecommerce,481045,43,JO,2.714
16037.6,tiktok,services,100974,50,AE,3.7098
11914.27,instagram,services,353712,38,SA,2.9474
15674.22,instagram,retail,151155,43,SA,2.972
15922.79,tiktok,services,497839,50,AE,3.2249
18925.94,facebook,services,127404,56,EG,1.7701
5142.33,facebook,ecommerce,148234,5,SA,3.4641
11842.51,google,fnb,357405,45,EG,3.0059
1991.48,instagram,services,394737,12,SA,2.8469
12361.7,google,fnb,65163,53,AE,2.8863
3508.7,tiktok,retail,278223,5,JO,2.5046
11342.52,tiktok,retail,173490,17,SA,3.4843
11491.37,tiktok,ecommerce,306268,13,EG,3.3035
9373.1,tiktok,services,278808,37,SA,3.2896
10500.37,x,fnb,492940,3,AE,2.6895
15302.08,x,services,466899,3,JO,1.9001
16004.97,instagram,retail,327339,31,AE,3.5349
9893.85,google,retail,340028,58,JO,2.2089
12031.91,x,services,449509,33,SA,2.253
18631.6,facebook,services,92561,28,LB,2.0329
2482.7,google,ecommerce,363149,40,LB,2.0307
2430.36,tiktok,ecommerce,386266,34,JO,2.617
1845.41,x,fnb,64565,24,SA,2.0942
13191.48,tiktok,ecommerce,440773,36,AE,3.846
8430.31,x,fnb,350012,3,JO,2.2388
15509.0,facebook,ecommerce,174219,16,EG,2.3977
13457.51,facebook,retail,242673,41,EG,1.9608
6739.39,x,retail,245309,22,EG,2.2648
17977.49,tiktok,retail,459480,6,LB,2.4409
15274.39,tiktok,ecommerce,484652,10,LB,3.0929
5483.65,facebook,retail,403610,52,EG,1.712
7347.42,instagram,ecommerce,326452,21,LB,3.0746
6357.36,x,services,52963,4,EG,1.7475
3236.47,instagram,retail,457497,44,LB,2.1974
3040.89,tiktok,ecommerce,67823,33,AE,3.7605
18728.94,instagram,retail,84237,28,EG,2.5284
8814.29,instagram,retail,35735,54,EG,1.8714
7728.06,facebook,services,473926,20,EG,1.9732
14620.75,x,fnb,247129,35,EG,2.5312
11104.56,x,fnb,118748,45,LB,1.9265
18729.19,facebook,retail,41305,37,JO,1.7525
15628.0,instagram,services,206584,14,AE,3.2359
9639.45,tiktok,retail,362115,41,LB,2.312
7589.55,instagram,retail,497285,45,JO,1.9764
19733.97,google,services,276626,9,LB,2.2147
14383.43,instagram,fnb,303959,12,SA,3.4352
19028.77,facebook,services,418106,41,SA,2.3955
2457.72,instagram,retail,451013,9,EG,1.8922
17025.62,tiktok,services,140618,53,LB,1.7375
12777.77,facebook,ecommerce,495955,9,LB,2.3758
2526.24,x,fnb,260051,58,SA,2.1255
11806.33,facebook,fnb,465139,41,SA,2.7094
13753.32,facebook,services,59622,28,EG,2.1301
344.82,tiktok,services,49616,18,EG,1.9286
9140.93,tiktok,retail,442420,22,LB,2.7973
16525.45,instagram,services,336611,45,JO,2.2158
5977.64,instagram,retail,88327,45,SA,2.403
9225.11,facebook,services,447565,14,JO,2.0793
8902.05,google,ecommerce,52078,33,JO,2.0724
6108.36,instagram,services,341466,59,LB,1.9726
18376.99,facebook,ecommerce,103320,17,SA,2.9692
15647.75,instagram,fnb,36228,42,SA,3.3797
2300.71,x,ecommerce,403309,12,SA,2.5934
19940.99,instagram,ecommerce,423852,50,AE,4.4477
17596.08,x,ecommerce,53801,12,SA,2.4452
5749.78,instagram,services,47472,19,SA,2.4412
16754.24,facebook,services,307599,29,LB,2.0809
2217.75,instagram,services,15326,24,AE,2.7445
19982.18,instagram,ecommerce,373344,12,LB,3.5471
13347.13,facebook,ecommerce,457914,39,JO,2.5685
13037.49,tiktok,fnb,375789,4,EG,3.7266
1899.77,instagram,retail,116113,59,AE,2.3238
17950.96,google,retail,95840,5,AE,3.4113
677.09,tiktok,retail,340619,22,LB,1.8982
4892.48,tiktok,retail,31750,56,AE,2.7776
2946.14,tiktok,retail,269312,11,JO,1.6926
15557.68,facebook,retail,224954,7,LB,1.7236
4044.26,google,ecommerce,372552,45,LB,2.4488
18221.7,facebook,retail,102040,7,JO,1.71
13159.75,google,services,381400,54,SA,2.8446
819.64,x,fnb,349936,28,LB,1.854
208.05,google,retail,120118,52,SA,1.9535
1127.99,tiktok,services,178989,16,EG,1.9395
12157.91,instagram,ecommerce,33941,11,AE,3.3297
16049.49,x,ecommerce,225227,57,AE,2.4975
4847.2,instagram,ecommerce,131039,46,EG,2.5224
17003.24,tiktok,services,57628,54,SA,2.8353
1238.92,google,services,280396,21,JO,1.864
16039.18,x,retail,284207,26,AE,3.2827
18563.13,x,ecommerce,43886,35,AE,2.6103
15464.96,facebook,services,93576,28,LB,2.1534
13992.6,x,fnb,42217,16,EG,1.783
16775.81,facebook,fnb,339813,24,SA,3.3151
899.01,tiktok,services,169677,37,AE,3.0628
4115.46,x,retail,36513,5,EG,1.7988
2585.98,google,ecommerce,96577,22,AE,3.1163
10140.17,x,fnb,487971,19,LB,2.2336
14929.24,instagram,retail,128621,7,SA,3.218
12637.24,instagram,fnb,342578,9,SA,3.3268
17037.51,instagram,ecommerce,234750,31,SA,4.2119
3188.74,instagram,fnb,91683,8,SA,3.5673
14718.96,google,services,154385,22,JO,2.3821
3941.53,tiktok,ecommerce,8033,34,AE,3.4492
5488.1,google,retail,373746,52,AE,2.9976
14227.1,tiktok,ecommerce,167896,8,SA,3.3499
19606.08,instagram,fnb,250122,27,LB,2.8209
12269.72,facebook,services,77253,8,LB,1.5316
1184.56,tiktok,retail,412281,27,SA,2.8197
12364.55,x,retail,109987,30,SA,3.0055
942.78,x,ecommerce,283575,48,EG,1.7937
17694.5,instagram,ecommerce,436502,28,LB,2.7136
14220.61,tiktok,ecommerce,356885,56,JO,3.3378
3545.24,google,services,301999,10,SA,2.3349
1925.25,google,fnb,444131,6,LB,1.9982
3752.31,facebook,retail,89052,3,AE,2.7283
19602.54,tiktok,fnb,481812,23,AE,4.461
9225.36,facebook,services,278773,13,SA,2.1226
15703.21,facebook,fnb,205518,8,SA,3.2397
12764.53,google,fnb,128634,16,SA,3.1448
11491.02,facebook,retail,372717,58,SA,2.9729
2988.09,instagram,fnb,488124,48,JO,2.1299
18925.89,tiktok,retail,345366,4,JO,3.0488
6096.72,google,retail,17345,55,SA,2.6926
11602.54,tiktok,retail,235074,14,JO,2.3764
14025.54,facebook,services,366426,26,JO,2.068
13019.74,google,fnb,199320,21,JO,2.7577
18817.83,x,retail,386725,26,AE,2.5322
3053.94,x,services,353937,46,SA,2.0908
10216.22,google,retail,34514,43,AE,2.5657
8140.28,tiktok,retail,279425,36,LB,2.3081
9535.96,x,retail,86762,38,LB,1.6111
2472.43,tiktok,fnb,243772,44,EG,2.5504
2768.48,facebook,ecommerce,192769,13,SA,2.9812
5633.7,x,retail,403642,25,JO,1.7409
6163.62,instagram,fnb,434209,9,EG,2.536
8615.27,x,retail,231272,43,LB,1.6265
12258.65,instagram,fnb,268962,27,JO,2.7096
12729.12,x,services,313419,39,SA,2.2097
8295.04,tiktok,fnb,327998,35,SA,3.8335
8234.78,tiktok,services,318048,18,JO,1.978
4430.81,instagram,ecommerce,391723,10,EG,2.6262
11807.29,x,ecommerce,491007,58,LB,1.9215
6409.11,facebook,services,414233,19,LB,1.7177
817.59,tiktok,services,68222,9,SA,2.9518
8426.16,instagram,ecommerce,238665,20,LB,2.7694
9535.24,tiktok,ecommerce,231184,54,LB,2.6959
4589.3,instagram,fnb,254887,17,EG,2.4998
11491.91,google,retail,264702,59,LB,1.9337
11358.86,instagram,retail,359284,29,LB,2.0099
14069.84,facebook,ecommerce,211086,52,SA,2.9804
12994.17,facebook,services,132407,40,LB,1.5671
13083.42,google,fnb,229337,5,AE,3.2919
6392.66,instagram,fnb,427390,32,JO,1.7995
15769.9,instagram,fnb,156404,26,EG,2.4602
11027.97,google,ecommerce,11372,14,JO,2.7633
8685.22,instagram,services,488168,34,AE,3.4622
12557.65,instagram,ecommerce,98690,8,EG,3.3167
7277.08,instagram,fnb,301819,42,AE,3.9327
10303.51,instagram,fnb,400299,49,AE,3.7002
14760.44,google,retail,137958,8,LB,2.0101
17739.42,tiktok,ecommerce,170788,30,JO,2.803
18429.04,x,services,140966,40,LB,1.869
10122.3,google,services,75766,6,AE,2.7217
10453.47,facebook,fnb,77320,25,SA,3.7327
16017.42,instagram,fnb,94190,17,SA,3.3146
6357.57,instagram,ecommerce,229566,5,AE,4.5194
16763.91,tiktok,fnb,265847,48,AE,3.7284
9933.42,instagram,services,8977,28,AE,3.0341
2405.55,x,retail,423244,45,JO,1.9443
1533.98,instagram,fnb,338279,36,SA,2.6055
16855.66,tiktok,ecommerce,36254,52,JO,2.4866
1205.8,facebook,retail,421516,59,JO,1.4077
5684.17,x,retail,16209,37,EG,1.3296
6749.19,x,ecommerce,280703,23,JO,2.4339
3542.59,google,fnb,233118,27,LB,2.155
6346.48,instagram,fnb,251567,50,JO,2.3391
14879.58,facebook,services,478137,27,SA,3.0222
392.19,google,retail,463604,32,EG,1.5566
16560.75,tiktok,retail,140225,14,AE,4.1742
17145.31,x,retail,290251,59,LB,1.5798
7508.01,google,retail,479626,40,JO,2.3704
3156.9,tiktok,retail,364699,21,SA,3.5501
12056.72,x,services,443952,36,LB,2.0137
2481.48,x,fnb,217976,25,EG,1.9355
7361.9,tiktok,retail,142284,11,LB,1.7218
19172.74,facebook,retail,255817,52,SA,2.651
19909.74,facebook,fnb,408657,53,EG,2.4377
15464.89,tiktok,ecommerce,464478,50,EG,2.8434
6288.13,tiktok,fnb,343247,24,SA,3.8505
13784.53,facebook,retail,353556,17,AE,2.9188
14137.59,facebook,retail,256399,5,JO,1.7484
7818.05,google,fnb,160482,44,LB,2.3147
12853.68,google,retail,212035,21,LB,2.1214
313.48,facebook,ecommerce,249355,53,LB,1.6325
4260.25,tiktok,ecommerce,407935,52,JO,2.5705
10549.26,facebook,fnb,278119,10,SA,3.4685
3358.65,google,ecommerce,396746,55,LB,2.1814
3401.55,x,fnb,14653,10,LB,1.5203
16742.46,x,retail,378711,30,LB,1.8005
19783.75,tiktok,ecommerce,254026,30,JO,3.4943
11163.79,google,ecommerce,499129,57,SA,3.9253
16797.49,x,fnb,236389,40,LB,2.0998
19807.4,google,services,239777,52,AE,3.0936
2917.76,tiktok,retail,64608,36,EG,2.384
9020.09,google,services,403654,50,SA,2.2347
7912.2,tiktok,services,351061,51,JO,2.0207
1692.98,x,services,431376,52,LB,1.342
15131.07,tiktok,services,47281,26,LB,2.0346
8732.2,x,services,106589,24,LB,1.4141
9439.61,facebook,services,438611,59,AE,1.9
3098.39,facebook,ecommerce,21991,46,EG,1.6202
3700.44,facebook,retail,254594,55,EG,1.7544
18151.36,tiktok,fnb,202969,35,AE,3.949
988.52,google,fnb,469773,55,EG,1.8775
4733.76,instagram,services,428511,44,EG,2.2086
5911.98,facebook,retail,448460,45,LB,1.7373
9854.93,x,fnb,145262,13,EG,2.3795
11770.26,google,ecommerce,294166,35,SA,3.5547
9916.47,google,retail,350305,44,LB,2.258
1773.9,tiktok,services,483766,46,AE,2.9342
4948.98,tiktok,services,4666,57,EG,1.481
16887.41,facebook,fnb,488536,21,EG,2.6917
12788.02,facebook,retail,178326,20,AE,2.5068
13018.07,x,retail,65008,58,EG,1.6202
13437.04,instagram,fnb,308142,59,AE,2.9971
15281.77,google,retail,390990,13,SA,3.3695
1256.36,google,retail,65748,24,LB,1.4652
7395.51,instagram,retail,21346,57,JO,1.7969
10836.6,instagram,retail,448406,14,JO,2.6903
6835.28,google,ecommerce,466920,47,LB,2.6979
16905.13,facebook,services,78980,9,SA,2.2737
9703.19,tiktok,retail,452126,13,EG,2.8492
15395.69,x,services,454986,47,SA,2.3923
17055.11,google,retail,498715,37,AE,3.9341
10145.35,google,fnb,108978,34,JO,1.9378
18200.09,facebook,retail,289813,51,AE,2.458
11783.77,facebook,retail,497145,20,AE,4.1573
17020.46,instagram,retail,451418,31,AE,3.4202
6877.76,instagram,fnb,302769,37,JO,1.9373
10026.46,facebook,fnb,99362,45,SA,2.4837
10675.08,x,fnb,43088,21,EG,1.3584
2189.1,facebook,services,130324,39,JO,1.6647
8031.19,google,services,33573,28,JO,2.0943
18355.02,tiktok,services,98436,33,JO,2.1613
12653.56,google,services,38385,52,JO,1.6994
3632.38,instagram,services,381353,25,JO,2.4321
6843.23,instagram,fnb,295356,41,JO,1.9421
3912.9,google,retail,259425,56,EG,1.677
593.98,instagram,fnb,404980,46,LB,1.9124
18556.46,google,retail,205996,59,LB,1.8073
9019.33,facebook,ecommerce,202078,36,EG,2.42
6219.95,facebook,fnb,104255,19,AE,2.4907
12009.7,google,ecommerce,222973,59,JO,2.5002
245.56,google,ecommerce,88083,39,JO,1.9421
5632.64,facebook,fnb,295054,16,EG,2.5136
14090.37,x,ecommerce,498732,21,EG,2.6979
12712.02,facebook,fnb,266987,17,AE,3.3581
19637.94,x,retail,150219,50,SA,1.9167
12445.12,google,retail,344342,8,JO,2.4769
9602.37,x,retail,410183,45,JO,1.7323
15252.51,x,ecommerce,236421,34,AE,3.0619
18076.22,instagram,fnb,125912,7,JO,2.926
14441.85,google,fnb,357216,37,SA,3.0991
19267.9,instagram,fnb,94447,45,JO,2.8573
15661.9,tiktok,fnb,498658,44,SA,4.5069
17349.35,instagram,ecommerce,159588,33,EG,3.3183
2370.67,tiktok,ecommerce,175798,22,LB,2.348
14675.03,x,retail,363739,12,AE,1.9983
8857.77,tiktok,services,7095,3,EG,2.3163
11106.77,facebook,fnb,102230,23,JO,2.2804
13116.64,instagram,retail,63686,39,LB,1.8712
19399.32,google,ecommerce,196139,5,LB,3.0041
19693.1,tiktok,retail,277203,59,EG,2.3017
5835.74,tiktok,retail,90625,36,SA,2.8454
14701.69,tiktok,retail,172784,19,JO,2.8746
15024.67,instagram,fnb,386326,57,LB,2.0394
6995.21,tiktok,services,470051,13,AE,3.3786
2565.01,google,fnb,8125,57,LB,1.7816
914.84,x,retail,314095,19,EG,1.7659
15569.13,google,retail,13815,24,JO,2.3759
9845.02,x,ecommerce,260657,27,LB,2.4524
19712.25,x,ecommerce,439856,59,AE,2.9679
9352.97,facebook,ecommerce,399221,17,JO,1.8767
19560.55,instagram,services,117127,58,LB,1.6682
8290.36,instagram,services,130036,22,JO,2.4251
15894.27,facebook,ecommerce,391973,19,JO,2.2359
1787.9,facebook,services,410049,39,LB,1.557
11153.69,google,fnb,141172,42,LB,2.2992
16060.99,instagram,fnb,2527,22,EG,2.8315
18501.56,facebook,fnb,222783,10,LB,2.0947
16469.4,instagram,retail,310219,25,SA,3.1353
835.72,instagram,retail,222432,33,LB,1.8408
7516.78,facebook,services,467443,5,SA,2.6689
1069.1,facebook,ecommerce,406986,7,AE,2.8567
2274.72,google,retail,394142,55,EG,2.2178
13538.58,x,retail,11123,5,JO,1.4184
14293.84,tiktok,retail,426963,26,SA,3.7586
15497.04,google,ecommerce,377866,46,EG,3.0266
17322.59,x,fnb,199080,21,EG,2.2128
14814.69,x,fnb,295185,31,JO,2.359
16037.34,facebook,retail,412295,7,AE,3.0457
1074.38,x,ecommerce,453204,48,AE,2.7278
4767.25,facebook,fnb,275865,39,AE,2.918
12475.77,facebook,ecommerce,21631,51,EG,2.2142
17176.69,tiktok,services,309651,52,JO,2.2012
189.55,google,retail,340329,22,AE,2.4167
10341.12,facebook,ecommerce,30398,5,LB,2.3303
13578.02,instagram,services,408837,22,EG,2.8141
689.19,instagram,services,101574,11,SA,2.0416
8086.98,instagram,retail,445341,33,AE,3.3615
17923.13,x,ecommerce,275931,11,LB,1.6029
13465.09,instagram,ecommerce,161741,55,JO,2.3935
4829.4,instagram,fnb,30341,37,JO,2.3654
17070.34,facebook,retail,9914,17,EG,1.9289
7025.83,facebook,ecommerce,370981,55,SA,2.9697
17081.56,facebook,ecommerce,189203,46,AE,2.0942
6048.98,tiktok,services,420188,27,SA,3.1037
11847.37,tiktok,services,116031,11,LB,2.3485
7999.11,tiktok,retail,460260,22,AE,3.9545
5569.02,x,retail,470847,36,SA,2.6518
17742.5,tiktok,ecommerce,51782,46,SA,3.5663
3833.11,facebook,fnb,323820,17,LB,2.0355
1787.75,instagram,fnb,469920,45,JO,1.8794
6904.35,instagram,services,162223,19,AE,2.9481
14381.02,x,retail,34742,17,SA,1.9559
16167.89,instagram,retail,437865,28,SA,2.6628
19974.99,facebook,retail,237554,12,SA,2.5174
5997.6,google,fnb,14509,26,JO,2.4623
8218.04,tiktok,fnb,420285,23,EG,3.0443
2822.74,facebook,retail,339751,18,JO,2.011
11539.95,google,fnb,36085,47,AE,2.7085
19951.84,instagram,fnb,130078,21,AE,2.9886
14047.53,x,services,10097,42,SA,2.1333
11944.74,x,services,477481,44,SA,1.7214
7908.14,instagram,ecommerce,13448,40,AE,2.9212
18314.45,tiktok,ecommerce,398130,18,SA,4.5281
9988.64,tiktok,fnb,256123,50,LB,2.5586
2773.9,google,ecommerce,291783,16,SA,3.0488
7371.03,facebook,services,405986,18,EG,1.6687
1436.62,instagram,retail,447587,52,SA,2.3033
4119.38,facebook,fnb,64585,22,JO,1.8411
451.61,google,services,9920,42,JO,1.2732
9120.27,facebook,ecommerce,63180,5,JO,2.4703
12727.35,tiktok,fnb,341571,38,LB,2.3295
6931.52,google,retail,284704,52,JO,2.1066
8465.6,x,retail,42857,43,AE,2.1903
19188.26,instagram,retail,117913,36,SA,3.4559
15064.07,facebook,services,269082,51,SA,2.4304
10863.05,google,services,365376,19,AE,3.4559
5762.36,facebook,fnb,172359,24,JO,2.1445
17950.24,facebook,services,474868,6,EG,2.3323
4778.43,x,ecommerce,496130,42,JO,1.7153
6574.32,x,ecommerce,383250,44,JO,1.4333
18190.39,google,retail,227677,45,SA,3.0885
10637.89,x,services,438710,45,EG,1.9216
14872.13,facebook,ecommerce,364220,10,SA,3.6451
11855.82,facebook,ecommerce,260273,40,SA,3.0019
13103.44,instagram,fnb,222446,46,EG,3.0985
6057.73,facebook,fnb,416327,14,EG,2.2701
4903.3,x,ecommerce,278978,30,JO,2.2394
6517.6,facebook,retail,92268,55,EG,1.909
3193.29,tiktok,services,499906,26,EG,3.0278
17498.86,x,retail,35105,45,JO,1.5747
5736.61,google,ecommerce,347811,33,LB,2.3065
11273.64,instagram,retail,328320,40,EG,2.0345
15860.29,tiktok,retail,293497,38,AE,4.2875
15698.1,tiktok,fnb,26924,40,SA,3.4515
8823.89,google,retail,246805,47,EG,2.3351
9577.52,tiktok,fnb,446348,54,AE,4.9998
19894.56,instagram,fnb,120528,19,JO,2.853
13524.49,google,fnb,346085,55,SA,2.6221
16311.31,x,services,429518,38,AE,2.476
18060.82,tiktok,services,476148,36,AE,3.183
15773.04,facebook,ecommerce,258553,21,SA,3.3818
3785.07,tiktok,fnb,157629,26,JO,2.4829
11287.2,x,services,350109,40,LB,1.549
2127.69,x,services,243592,23,SA,1.7687
13093.15,tiktok,retail,313916,19,JO,3.3081
19111.45,facebook,services,371103,49,SA,2.6858
10303.37,tiktok,ecommerce,355431,26,SA,4.1615
8716.15,x,fnb,122146,39,AE,2.8013
813.27,x,retail,378142,4,LB,1.5466
19199.51,facebook,fnb,271382,7,EG,2.5891
2149.75,instagram,fnb,465452,51,JO,2.386
917.47,tiktok,services,330074,11,SA,2.802
4996.73,facebook,ecommerce,446011,48,SA,3.2103
1404.06,x,services,489425,54,LB,1.4795
9156.85,facebook,retail,497259,30,JO,2.1956
10370.15,google,fnb,372606,53,JO,2.2793
6320.14,x,services,299050,27,JO,2.0742
1114.11,google,fnb,59947,57,AE,2.238
2320.85,google,services,193675,16,EG,2.1313
7751.64,instagram,services,238191,27,SA,3.1028
1304.52,x,fnb,390482,25,AE,2.3416
13993.98,tiktok,services,294796,47,AE,2.9503
4219.71,facebook,fnb,220126,5,AE,2.6895
6111.22,instagram,retail,74164,50,SA,2.4204
7943.1,instagram,fnb,358186,4,LB,1.9943
8390.53,tiktok,fnb,216551,20,EG,2.8022
133.05,instagram,retail,19035,36,SA,2.1504
2330.2,tiktok,ecommerce,142718,11,JO,3.0752
17269.01,tiktok,services,439850,30,AE,3.9092
124.54,instagram,retail,60294,59,LB,0.9911
10212.53,google,ecommerce,203666,49,AE,3.6899
9841.09,instagram,ecommerce,256508,4,JO,2.5915
6728.57,google,retail,42787,36,AE,2.8
8683.41,instagram,retail,83650,37,EG,2.2569
15633.56,x,fnb,470195,6,JO,2.1178
16839.95,instagram,services,295678,40,AE,3.1103
5280.94,facebook,services,105959,32,EG,1.8511
6517.56,facebook,fnb,85678,41,AE,3.1368
4925.41,x,services,213441,19,AE,2.3333
9649.28,x,retail,362073,17,AE,3.0156
13696.84,instagram,services,365467,44,EG,2.6367
4642.23,google,ecommerce,98425,44,JO,2.4756
6681.64,tiktok,services,363087,12,AE,2.6271
18614.65,facebook,fnb,448246,15,AE,3.9273
1066.53,tiktok,fnb,113942,36,JO,2.1217
9269.32,google,ecommerce,14078,50,SA,3.0366
14260.01,x,retail,479486,14,SA,2.353
3094.03,x,fnb,261476,15,EG,1.7149
1042.74,facebook,retail,388451,49,LB,1.9459
2850.29,instagram,ecommerce,160732,42,JO,2.1214
18384.58,tiktok,fnb,150285,54,AE,4.0934
284.27,facebook,ecommerce,113313,47,EG,1.8885
3847.61,tiktok,services,109293,57,SA,2.4076
722.54,facebook,services,236329,13,EG,1.7137
2301.53,facebook,services,53786,18,EG,1.4557
12440.97,facebook,retail,421167,16,LB,2.1041
4908.61,instagram,services,256102,6,LB,1.7244
11427.32,google,services,457723,47,JO,2.0202
11844.89,facebook,ecommerce,251592,40,SA,3.5517
17003.76,x,services,152321,7,AE,2.4934
194.35,instagram,ecommerce,257942,14,LB,1.7924
17082.05,facebook,ecommerce,77967,13,LB,2.5517
12420.47,instagram,services,412222,25,JO,2.4348
3338.6,google,fnb,360350,28,JO,2.217
15481.45,facebook,retail,74429,19,AE,3.0774
17124.28,facebook,fnb,291417,56,AE,2.8933
5159.84,x,ecommerce,269458,15,SA,2.4477
18383.99,tiktok,retail,101307,35,LB,2.9374
9143.7,instagram,fnb,61921,27,SA,3.1905
12108.15,google,services,380387,25,EG,2.4127
19694.53,x,retail,132756,50,JO,1.6647
7294.57,instagram,ecommerce,259946,58,AE,3.8706
16281.87,tiktok,services,124607,3,LB,2.1091
6436.14,facebook,retail,327044,29,LB,1.5797
16004.35,instagram,retail,25445,9,AE,2.7009
12054.6,tiktok,services,180310,27,EG,3.0408
4405.48,facebook,ecommerce,273983,38,LB,2.3627
8339.12,x,ecommerce,220109,26,EG,2.2785
6420.95,x,ecommerce,306583,20,SA,3.4718
1654.36,instagram,retail,90990,20,EG,2.3133
693.71,instagram,services,221460,20,SA,2.4525
6994.93,facebook,retail,378501,21,LB,1.9947
478.78,tiktok,retail,167466,24,LB,2.0832
3393.21,facebook,services,79348,42,SA,1.8971
14531.15,instagram,fnb,424027,8,SA,3.6327
14191.02,tiktok,services,389372,5,JO,2.6334
14797.75,google,ecommerce,340525,32,JO,2.289
6411.35,tiktok,retail,399205,41,LB,2.278
17811.39,instagram,services,389630,17,AE,3.3014
11917.23,google,ecommerce,373553,14,AE,4.4289
2607.92,google,fnb,255205,38,LB,1.6116
2960.0,google,services,10691,24,LB,1.5305
13892.6,tiktok,fnb,298942,44,LB,2.5012
3541.58,x,ecommerce,137293,11,SA,2.9054
10195.12,instagram,retail,386876,9,LB,2.2912
19836.31,x,ecommerce,234700,34,LB,2.6868
179.75,instagram,ecommerce,452732,25,LB,2.4614
429.94,instagram,ecommerce,298176,44,EG,2.2165
19862.38,tiktok,fnb,275715,31,EG,3.29
11734.31,tiktok,services,459691,23,JO,2.5612
2625.51,google,fnb,238056,12,LB,2.3527
17956.31,instagram,fnb,188427,12,AE,3.126
17619.57,x,ecommerce,186386,46,SA,2.564
10770.39,instagram,services,437636,15,EG,2.6607
12473.66,tiktok,services,378380,31,LB,2.7948
5536.43,x,retail,82551,49,AE,1.5447
1105.34,tiktok,ecommerce,246752,54,SA,3.6422
11931.9,google,services,186268,18,LB,2.0701
5965.63,x,ecommerce,323703,9,AE,2.2866
13306.06,x,retail,27088,47,EG,1.0528
16741.28,tiktok,services,357347,42,SA,2.6933
461.39,tiktok,services,371502,21,SA,2.7991
11954.7,facebook,services,114064,36,SA,2.4353
4702.48,tiktok,retail,76175,13,JO,2.454
17490.38,x,fnb,314139,42,SA,2.5582
5147.92,tiktok,fnb,129252,44,SA,2.7933
12254.33,instagram,services,470847,20,JO,2.3604
11115.46,facebook,retail,387841,29,LB,2.06
7983.71,instagram,fnb,477551,22,LB,2.7023
13584.65,instagram,services,267823,4,SA,2.6989
14542.82,x,retail,469302,10,AE,3.0207
11382.06,tiktok,ecommerce,7972,57,AE,2.9477
15192.6,facebook,services,145677,28,LB,1.6956
19670.0,facebook,retail,2115,11,JO,1.6525
8443.52,x,retail,339101,5,EG,2.1706
10340.2,x,ecommerce,255819,23,EG,2.4063
348.15,google,fnb,144547,59,LB,1.4965
15940.97,facebook,ecommerce,153172,24,AE,3.9292
10452.58,facebook,fnb,322234,59,EG,2.7168
8218.43,facebook,fnb,90975,30,SA,2.8552
1972.03,google,fnb,257764,46,EG,2.4996
17804.16,google,services,307183,47,EG,2.5438
7960.64,x,retail,120749,4,SA,2.073
13683.37,facebook,fnb,114989,3,EG,2.279
3072.55,facebook,fnb,177759,55,AE,2.1113
19234.84,x,retail,296511,56,LB,1.649
3650.99,x,fnb,127942,10,JO,1.6684
4070.89,google,services,190253,39,LB,1.7225
17193.76,facebook,services,272178,55,AE,2.3224
18260.4,facebook,retail,94186,57,LB,1.6756
4321.73,facebook,ecommerce,284895,19,AE,3.5165
9449.04,google,ecommerce,69914,49,AE,3.1429
14696.55,x,services,72126,39,LB,1.2064
17579.48,google,ecommerce,119193,55,SA,2.9567
7643.15,instagram,fnb,143968,11,JO,2.0261
10388.69,google,ecommerce,15886,37,LB,2.2276
14860.16,facebook,services,480841,4,JO,2.1808
14649.61,x,services,154755,23,SA,2.4911
15680.91,x,retail,402504,3,SA,2.2973
11441.68,google,services,451075,28,SA,3.1145
2181.84,x,ecommerce,400520,49,AE,2.4332
18089.07,tiktok,ecommerce,415849,40,LB,2.6541
17324.89,tiktok,fnb,50937,21,SA,4.0461
15982.14,instagram,retail,186629,27,JO,2.7199
2087.26,x,services,373346,23,SA,2.4245
4167.51,google,retail,288340,44,SA,2.4665
14897.65,facebook,retail,3824,18,EG,2.1576
560.49,x,services,284112,8,AE,1.8574
19586.57,facebook,ecommerce,402451,31,LB,2.7684
7605.18,tiktok,fnb,414540,50,SA,3.2658
14414.32,facebook,fnb,192559,30,JO,2.2616
17762.66,google,fnb,118908,14,AE,2.4728
7953.13,tiktok,fnb,155467,5,JO,2.5514
6450.74,tiktok,retail,148897,56,JO,2.1906
12213.95,google,services,173941,46,AE,2.6282
11661.69,google,services,151590,11,SA,3.3904
8241.89,instagram,fnb,229140,7,EG,2.2853
12075.32,x,fnb,21394,10,SA,2.2056
18714.09,tiktok,ecommerce,138324,24,EG,3.053
9406.04,facebook,retail,158029,49,JO,1.7291
4015.17,facebook,retail,77516,12,EG,2.1242
7606.4,instagram,retail,439078,49,JO,2.6246
7942.73,google,ecommerce,338067,3,JO,2.4197
2709.06,tiktok,fnb,456081,45,JO,2.2842
3341.14,instagram,retail,281226,19,JO,1.9513
13722.79,tiktok,ecommerce,55708,57,AE,4.1141
6855.61,x,retail,452404,30,LB,2.0215
19102.48,tiktok,fnb,229571,18,LB,2.8825
4947.58,facebook,retail,342531,16,AE,2.3162
2068.6,facebook,services,191293,50,EG,1.3949
15094.74,tiktok,services,247648,25,SA,3.5057
17632.62,tiktok,ecommerce,245190,23,SA,4.7217
5634.46,x,fnb,143067,44,LB,1.2734
4121.55,tiktok,fnb,277805,33,EG,2.6737
3796.75,google,ecommerce,367132,40,AE,4.0643
10488.04,tiktok,ecommerce,11109,28,EG,2.7239
9421.49,instagram,retail,66324,6,LB,2.3916
5262.85,google,services,421278,3,AE,3.0203
998.95,google,ecommerce,285250,5,LB,1.864
9681.68,google,services,486858,35,AE,2.9198
19190.71,facebook,services,302731,32,JO,2.0638
13085.13,google,retail,327049,45,SA,2.6019
9960.58,instagram,retail,449607,53,SA,2.6075
2302.77,google,retail,330565,12,AE,3.341
5123.48,google,retail,165481,57,AE,2.2638
5966.0,google,ecommerce,264461,56,EG,2.7994
15319.59,x,services,118570,38,JO,1.6148
17546.54,tiktok,ecommerce,167802,33,EG,3.3112
18042.67,facebook,fnb,340460,13,EG,2.7667
19692.92,google,ecommerce,75339,13,SA,3.3155
19649.1,google,retail,336317,4,LB,2.4145
19064.68,facebook,ecommerce,292447,39,EG,2.0357
1529.26,facebook,retail,154883,27,JO,1.8593
2842.09,instagram,retail,23425,13,SA,1.7462
6158.88,x,retail,352607,10,LB,1.6782
11102.68,tiktok,ecommerce,412426,6,EG,3.6743
2029.86,x,fnb,365307,39,JO,1.9193
16931.36,x,fnb,211034,42,AE,2.3405
12373.45,tiktok,fnb,327114,39,LB,2.3222
10893.05,google,ecommerce,207962,9,EG,2.6095
3389.7,instagram,fnb,179771,5,AE,3.205
5139.78,facebook,retail,164258,9,EG,1.5079
3290.21,instagram,fnb,106215,45,EG,2.2463
17053.47,tiktok,fnb,484707,45,AE,4.1484
11726.13,facebook,services,333440,19,LB,1.9208
14729.08,instagram,ecommerce,88283,6,SA,3.7982
5991.05,facebook,retail,432654,21,SA,2.8883
7487.93,google,ecommerce,76502,49,JO,2.1479
8156.61,x,retail,297245,11,AE,1.9466
15224.3,x,services,83600,48,AE,2.2185
15469.82,instagram,fnb,181255,29,JO,2.3822
4215.59,tiktok,fnb,329605,11,EG,2.6417
18836.62,x,fnb,499561,56,EG,2.2509
2501.04,tiktok,fnb,495955,32,JO,3.0919
17932.83,instagram,ecommerce,447886,41,EG,3.126
2097.87,instagram,ecommerce,118502,8,JO,2.5379
5364.34,google,ecommerce,47659,24,EG,2.1031
16944.92,tiktok,fnb,452903,39,SA,4.0449
3671.89,x,services,461651,39,LB,1.5388
8330.0,x,fnb,140029,6,EG,2.3064
9052.2,facebook,ecommerce,10569,37,EG,1.9861
4980.65,google,services,324302,56,JO,1.8055
14233.88,instagram,fnb,38969,47,EG,2.6745
17041.56,tiktok,fnb,21208,14,SA,3.3996
17504.05,instagram,fnb,468636,55,SA,2.9316
6852.51,instagram,services,248331,41,LB,2.6
10663.92,instagram,services,56912,6,LB,1.6803
5043.29,facebook,fnb,327630,10,LB,2.0486
4971.45,google,ecommerce,185228,55,JO,2.3749
3308.96,facebook,ecommerce,268623,14,EG,2.5081
18806.38,instagram,fnb,449534,8,AE,3.7843
17770.98,facebook,ecommerce,119679,28,SA,3.2514
15569.44,facebook,retail,323604,32,SA,2.7835
10401.46,instagram,ecommerce,414419,35,AE,3.4487
9863.1,x,fnb,212465,40,SA,3.2332
10641.94,x,services,485098,59,AE,2.1824
10777.7,instagram,fnb,224705,46,EG,2.7724
8747.81,tiktok,fnb,230138,4,EG,2.7501
2721.92,x,fnb,442213,8,LB,1.7104
2600.71,instagram,services,318323,3,SA,2.4756
19049.77,x,retail,434484,25,JO,1.6995
9692.41,facebook,ecommerce,395416,22,JO,2.5953
19068.79,instagram,ecommerce,356471,56,EG,2.7683
3355.18,instagram,services,121503,23,EG,2.4558
11132.89,facebook,services,200022,4,LB,1.544
4233.57,x,services,432360,53,JO,1.4416
5138.37,x,retail,308400,17,EG,1.72
698.09,instagram,services,140820,55,JO,1.9063
2467.17,x,retail,164348,47,JO,1.3564
18345.28,google,services,388139,53,AE,3.107
6498.51,x,fnb,89914,49,LB,1.8184
12201.77,x,services,56937,11,EG,1.7034
9353.78,tiktok,ecommerce,382790,38,SA,3.3831
8068.98,facebook,retail,144904,26,LB,1.5922
10684.53,x,services,382940,38,AE,2.6804
3826.05,google,fnb,267276,45,JO,1.8581
19773.22,x,fnb,498910,31,AE,3.247
16384.33,x,services,262936,20,AE,2.6676
14858.13,facebook,ecommerce,433875,55,EG,2.6334
9428.31,tiktok,retail,425365,40,EG,2.8501
3142.25,facebook,ecommerce,106780,53,AE,2.3687
18421.25,facebook,ecommerce,498067,16,JO,2.461
6893.6,x,services,373154,50,SA,2.315
1097.12,x,services,54498,21,LB,1.2462
6913.83,x,fnb,4013,29,AE,1.498
15909.69,x,retail,136422,52,JO,1.8388
12491.9,google,services,9105,23,LB,1.5786
15041.69,tiktok,ecommerce,179441,17,LB,3.2342
15893.34,x,retail,498185,55,EG,2.2364
4317.9,tiktok,services,239980,57,SA,2.6909
18483.29,google,services,12928,20,AE,3.0673
8815.99,instagram,ecommerce,247460,20,SA,3.9322
12816.37,google,fnb,110333,15,LB,2.7933
145.94,x,fnb,428241,4,AE,1.9396
19868.03,google,fnb,46192,34,AE,3.239
5689.84,tiktok,ecommerce,385509,17,SA,4.437
1335.06,facebook,ecommerce,223538,51,EG,1.9928
9219.41,facebook,fnb,10406,12,JO,2.1702
2667.7,google,ecommerce,336894,39,LB,2.1716
3131.3,google,services,228055,31,AE,3.3436
12682.43,google,fnb,386006,37,AE,4.3982
7919.26,x,retail,309418,9,SA,2.4996
18444.86,tiktok,services,393840,29,SA,3.7695
6451.21,x,services,230737,38,JO,1.8859
14550.98,google,ecommerce,4961,22,JO,2.0575
9275.88,instagram,services,66191,52,EG,1.6792
13233.03,x,retail,229991,33,LB,2.0547
12033.94,facebook,services,199339,23,LB,1.9947
9508.4,tiktok,services,397387,4,JO,2.3807
19006.22,x,fnb,206416,12,JO,2.153
6920.0,google,fnb,430233,30,AE,2.464
3626.99,x,ecommerce,94670,25,LB,1.8399
13594.07,facebook,services,193052,52,EG,1.7381
16935.55,tiktok,services,378397,47,SA,3.598
901.05,google,fnb,62923,12,JO,2.1678
9047.69,google,fnb,161378,36,SA,3.3351
17860.51,x,services,376176,28,EG,2.13
15017.41,tiktok,ecommerce,294904,8,EG,2.7717
19836.97,google,services,389256,40,LB,2.302
10675.13,tiktok,services,258349,33,LB,2.5059
13233.91,x,retail,429736,7,EG,2.3486
6119.36,facebook,ecommerce,438836,29,LB,2.9582
18955.96,instagram,retail,487304,44,AE,2.7018
7390.08,facebook,ecommerce,61885,21,EG,2.3278
14796.36,google,fnb,296003,23,AE,3.374
8122.49,instagram,ecommerce,58017,9,LB,2.4657
11280.2,instagram,ecommerce,115218,14,LB,2.6476
14423.67,x,ecommerce,150859,58,SA,2.5409
10227.79,instagram,ecommerce,323426,38,EG,3.3418
18151.02,facebook,services,216176,13,EG,1.8906
8444.09,facebook,ecommerce,432503,30,JO,2.2273
12976.73,instagram,retail,149972,13,EG,2.1987
6913.01,x,retail,308997,28,EG,1.8678
8222.32,tiktok,services,381830,11,AE,2.898
8857.0,x,ecommerce,490174,38,AE,3.0479
2603.56,instagram,ecommerce,123387,35,AE,3.2371
1925.3,instagram,services,367068,39,LB,1.6851
13383.05,facebook,services,43302,28,JO,2.0308
13144.8,instagram,services,272172,19,AE,3.2706
13291.9,tiktok,ecommerce,207486,17,SA,4.7884
493.35,x,ecommerce,479316,15,AE,2.5748
6598.28,instagram,retail,386916,27,LB,2.2696
4036.42,google,services,463698,28,JO,1.9683
15585.21,google,fnb,425430,41,AE,3.5237
17226.54,instagram,ecommerce,205924,5,LB,2.9675
5008.94,x,services,366939,19,AE,2.301
13390.2,tiktok,ecommerce,16203,51,LB,2.5117
2674.32,facebook,fnb,279385,55,JO,1.674
5575.54,x,services,24602,56,LB,1.3624
2859.22,x,retail,362371,20,AE,2.2744
5742.06,facebook,ecommerce,483394,10,AE,3.7104
13527.26,x,retail,341013,14,LB,1.8844
18215.51,x,fnb,420128,10,LB,2.4852
4130.2,x,ecommerce,117948,57,SA,2.0073
10887.37,instagram,ecommerce,496959,53,AE,3.0716
14057.68,google,fnb,275828,49,LB,2.1074
19063.16,tiktok,fnb,337551,44,AE,3.308
12240.2,google,retail,385534,22,AE,2.8197
5176.63,google,ecommerce,320156,30,SA,3.7315
12547.02,google,retail,159243,50,JO,2.0809
6477.77,tiktok,retail,306103,49,AE,3.0166
19524.95,google,fnb,327332,32,EG,2.6965
8053.56,tiktok,retail,428811,50,EG,2.3651
13740.01,facebook,retail,241258,22,LB,2.5019
562.23,facebook,services,251398,26,SA,1.9736
8061.22,x,services,252076,50,SA,1.7748
17514.64,x,fnb,58095,24,SA,2.9205
12243.53,tiktok,ecommerce,45937,45,LB,2.4806
8934.46,facebook,services,11195,28,SA,2.7196
18725.16,google,retail,333442,19,LB,2.2438
17094.29,facebook,services,210010,15,JO,2.283
6512.09,instagram,services,432977,37,SA,3.2727
10936.51,instagram,ecommerce,351416,30,LB,2.624
9847.5,facebook,retail,71574,24,SA,2.3655
12680.83,x,retail,50936,45,JO,1.7721
6748.81,tiktok,fnb,183686,3,EG,2.9429
4959.68,instagram,fnb,460550,8,AE,2.8798
18262.17,tiktok,ecommerce,25285,57,JO,2.2024
18485.1,facebook,services,94513,40,LB,1.2395
16882.13,tiktok,services,15786,34,AE,3.1789
19566.27,tiktok,services,207418,3,LB,2.2844
14925.33,instagram,ecommerce,494839,37,JO,2.948
15316.88,x,fnb,342173,27,EG,1.8495
15275.54,instagram,retail,247242,37,SA,2.7501
9664.09,facebook,retail,73054,5,EG,1.8547
9183.4,tiktok,fnb,178403,34,AE,3.4433
4880.5,x,services,262746,35,LB,1.5814
12931.9,instagram,fnb,138163,19,JO,2.8572
5857.47,facebook,fnb,352824,6,JO,2.7729
5230.39,x,fnb,490026,58,LB,1.6976
11760.63,tiktok,ecommerce,103765,43,LB,3.0479
8258.65,facebook,ecommerce,126873,38,SA,2.7003
4455.25,google,retail,63990,46,LB,1.3917
16339.51,instagram,retail,363128,41,EG,2.4556
17225.34,x,retail,231398,10,JO,1.5648
3437.22,instagram,ecommerce,142595,28,AE,3.5114
249.39,tiktok,fnb,110373,53,AE,2.4348
6788.99,tiktok,ecommerce,36174,19,JO,2.1192
15970.47,instagram,services,238602,58,AE,3.4475
16799.56,tiktok,services,341955,6,AE,3.2856
2852.75,facebook,fnb,118279,21,LB,1.558
15509.28,google,fnb,1813,22,JO,2.4047
2402.51,google,retail,237188,38,JO,1.7933
7862.25,x,services,338198,13,LB,1.9106
19972.33,instagram,fnb,173153,16,JO,2.5303
3932.56,instagram,fnb,125937,40,LB,1.9835
3163.88,tiktok,retail,77991,19,LB,2.2371
8513.73,google,ecommerce,373306,53,AE,3.6822
12431.4,x,ecommerce,430921,52,SA,3.0905
18664.73,facebook,fnb,385105,20,JO,2.5322
19618.34,instagram,services,259575,34,EG,2.6558
1485.85,instagram,ecommerce,362329,21,LB,2.7095
2846.15,instagram,services,199061,22,SA,2.8162
15835.69,tiktok,services,13217,41,JO,2.0409
5485.58,x,fnb,184420,19,EG,1.7217
17708.5,facebook,services,352164,11,AE,3.095
13302.72,x,services,324023,17,LB,1.8001
2325.71,google,services,495082,55,SA,2.2573
16667.33,google,services,498751,17,SA,3.6678
3609.49,google,services,122070,23,AE,2.2321
8527.56,facebook,retail,5772,38,LB,1.8514
11088.48,google,ecommerce,137845,8,LB,2.483
10065.25,instagram,ecommerce,438193,18,SA,4.1623
13754.64,tiktok,retail,406949,12,JO,2.6225
13088.47,google,fnb,50277,55,SA,2.2052
19841.64,google,ecommerce,81038,56,SA,3.1361
19988.5,instagram,fnb,282199,46,JO,2.7309
10377.54,instagram,ecommerce,330631,17,EG,3.4045
1994.46,tiktok,ecommerce,491185,38,EG,2.8392
14584.08,facebook,ecommerce,377758,40,SA,2.4574
19535.62,google,retail,106715,52,EG,1.7927
6434.7,facebook,fnb,19543,11,SA,3.1051
9278.06,tiktok,services,317174,44,EG,2.1467
8553.06,google,ecommerce,277327,14,EG,3.3919
1123.24,facebook,retail,460955,35,EG,1.6738
13478.06,x,fnb,288362,53,JO,1.8861
7131.42,instagram,retail,251118,6,AE,3.3378
15770.53,facebook,ecommerce,152418,11,EG,2.38
16659.19,google,ecommerce,44048,49,LB,2.6845
16442.49,tiktok,retail,438295,4,SA,3.6037
8391.65,google,retail,413205,42,JO,2.332
6498.76,google,fnb,82212,31,EG,2.3019
15001.53,tiktok,ecommerce,352241,22,AE,5.0332
16047.65,x,fnb,182733,52,EG,2.3938
9876.02,instagram,fnb,219080,51,AE,3.2078
17871.32,tiktok,fnb,424485,21,SA,5.1158
2963.78,facebook,services,421170,3,AE,2.2541
17593.47,google,fnb,96130,10,EG,2.8393
2012.3,instagram,retail,154497,9,LB,2.0241
3155.16,google,ecommerce,410865,58,SA,2.6101
10723.42,x,fnb,458579,37,JO,2.1414
1443.62,x,fnb,40455,41,EG,1.596
1150.86,x,services,416963,16,SA,1.8688
110.32,facebook,services,245125,51,JO,1.4785
8782.7,facebook,retail,295565,44,LB,1.8884
15515.02,x,retail,38590,45,JO,1.6149
793.28,instagram,retail,340498,29,AE,2.762
13079.93,facebook,ecommerce,339273,42,JO,2.4467
16480.23,instagram,services,331689,34,JO,2.2684
3443.22,x,ecommerce,395510,24,EG,2.3212
3022.59,instagram,services,473082,36,EG,2.0285
17229.94,facebook,fnb,425079,21,EG,3.5651
16480.18,google,services,372647,57,AE,2.3469
10824.94,facebook,services,490649,43,LB,1.7279
16402.08,instagram,fnb,337597,45,AE,3.3703
1945.85,facebook,ecommerce,336335,43,SA,3.457
7950.18,google,ecommerce,271486,28,EG,2.4191
14782.17,tiktok,ecommerce,384761,57,AE,4.2309
5223.29,x,ecommerce,36616,14,SA,2.591
15071.35,instagram,fnb,253373,35,LB,2.6323
10133.15,instagram,retail,213235,6,LB,2.5175
15030.29,facebook,fnb,456455,19,JO,2.8982
9347.12,instagram,services,37207,35,JO,1.8675
7421.3,tiktok,ecommerce,322235,30,JO,3.1637
4461.87,facebook,fnb,92980,56,AE,1.909
4246.75,tiktok,fnb,441892,37,SA,3.5654
15054.67,x,fnb,426075,26,EG,2.133
2466.32,google,ecommerce,118490,27,AE,3.1723
1811.05,google,retail,435981,37,EG,1.6852
3608.2,x,fnb,248872,48,EG,1.9334
3589.4,google,retail,485550,18,SA,2.3511
16479.84,google,ecommerce,365179,36,SA,3.8297
8030.28,x,fnb,18197,35,AE,1.9857
19808.73,facebook,retail,102158,3,JO,1.8046
2830.5,x,fnb,202395,55,JO,1.8717
13105.44,instagram,retail,106458,35,JO,2.4366
9029.72,google,fnb,67082,16,EG,2.8057
7919.07,x,ecommerce,489043,39,AE,3.5894
17514.18,tiktok,services,434662,41,EG,2.4424
19514.35,facebook,ecommerce,217870,55,AE,3.7922
17469.89,instagram,services,108298,4,JO,1.8044
3926.78,tiktok,ecommerce,91725,26,AE,4.1172
4493.88,x,fnb,457970,13,SA,2.485
13155.87,x,ecommerce,166400,35,LB,1.8495
5852.76,tiktok,retail,7286,31,LB,2.0859
14721.03,x,fnb,199290,30,AE,3.1993
11371.77,tiktok,services,227715,58,SA,3.2066
11063.08,tiktok,fnb,311919,33,LB,2.8077
16588.08,x,fnb,170005,26,JO,2.1692
14239.6,google,retail,461584,6,LB,2.4046
628.9,tiktok,retail,322125,19,JO,2.3164
1084.24,tiktok,services,493308,54,AE,2.8554
12071.01,google,ecommerce,184141,28,AE,3.8729
9775.22,google,retail,326197,54,LB,2.1814
5277.67,tiktok,fnb,183304,33,JO,2.115
8431.26,facebook,ecommerce,350261,34,EG,2.5602
15182.42,facebook,ecommerce,373096,27,LB,2.1206
16549.57,facebook,retail,161592,34,LB,2.0356
11268.34,tiktok,services,468898,6,EG,3.1866
7768.85,google,retail,428722,6,JO,2.1295
5486.87,x,retail,447354,30,LB,1.7745
10486.18,instagram,retail,109681,37,AE,3.3115
6363.52,google,services,359207,34,SA,2.0823
11325.49,google,retail,54083,27,LB,1.8954
13565.38,facebook,fnb,53649,19,AE,3.1447
1414.98,instagram,retail,486654,43,LB,1.2511
121.24,instagram,fnb,77296,37,SA,2.1757
4324.32,x,services,432205,5,EG,1.9846
17900.78,x,fnb,215970,28,SA,3.1887
12961.19,x,fnb,152518,43,AE,2.7644
3522.01,tiktok,services,37675,47,SA,2.7358
17816.25,tiktok,services,337910,19,SA,3.6714
9452.12,instagram,retail,360944,55,LB,2.2062
9574.23,google,ecommerce,234042,40,LB,2.3819
18717.28,facebook,ecommerce,405162,27,LB,2.6371
1283.79,instagram,services,162240,38,JO,1.6887
4382.05,facebook,services,276287,52,EG,2.0455
11756.85,tiktok,services,144100,15,LB,2.7479
3990.18,instagram,fnb,291530,11,AE,3.9106
13622.59,facebook,fnb,68877,28,SA,2.7409
4360.44,instagram,fnb,238607,7,LB,2.0124
2073.22,x,retail,275109,50,JO,1.7558
4219.0,tiktok,ecommerce,278714,58,JO,2.7534
8512.41,x,fnb,223851,37,AE,2.7884
3605.15,x,fnb,322142,58,LB,1.4876
2780.37,x,ecommerce,256581,6,AE,2.8434
17219.61,instagram,services,142335,39,SA,2.534
6475.9,x,services,108463,28,JO,1.7685
7279.1,x,retail,324213,18,AE,3.0283
1199.88,x,fnb,469366,20,AE,3.076
7211.66,instagram,services,376842,34,AE,3.3112
5369.66,instagram,fnb,319657,39,LB,1.9297
12248.65,tiktok,retail,460844,12,LB,2.6636
4187.27,x,ecommerce,449900,38,SA,3.463
17778.47,x,fnb,253728,55,EG,1.8298
18600.37,tiktok,services,55526,3,LB,2.1523
2086.64,facebook,fnb,317507,53,AE,2.965
2237.32,tiktok,services,311802,37,JO,2.3147
2395.0,google,ecommerce,139400,22,JO,3.1646
12429.43,tiktok,ecommerce,424881,44,EG,2.9696
2527.18,instagram,retail,435105,38,SA,2.4807
17062.41,instagram,services,166129,46,SA,3.2689
15110.0,facebook,ecommerce,238952,7,AE,2.9604
16414.2,instagram,services,98376,6,AE,2.9178
10568.6,google,retail,89997,39,AE,2.824
19933.88,instagram,retail,133245,20,EG,2.985
979.08,x,retail,183527,16,EG,1.7744
8085.17,facebook,retail,137193,27,EG,2.2152
6546.34,tiktok,ecommerce,76665,44,EG,2.6444
18978.05,tiktok,ecommerce,224152,13,LB,3.5684
11579.53,x,services,312158,58,EG,2.52
16143.2,x,services,163655,26,JO,1.9879
3489.79,tiktok,ecommerce,267241,11,EG,3.0477
19574.82,google,fnb,136365,7,SA,2.7938
10022.93,google,fnb,352226,51,AE,2.9671
9924.07,tiktok,services,324607,9,EG,2.5419
19420.61,facebook,fnb,480070,26,SA,3.1532
7676.57,tiktok,retail,27463,41,AE,2.9085
8010.75,instagram,services,426716,32,SA,3.6496
11736.58,tiktok,ecommerce,170841,17,LB,3.4373
2648.25,google,retail,33956,9,JO,1.7654
6489.6,instagram,retail,345186,43,EG,2.0039
3944.85,instagram,fnb,86688,30,AE,3.6268
2155.34,x,ecommerce,88749,5,EG,1.8942
17336.28,instagram,services,489846,13,LB,1.8712
11827.69,facebook,services,111243,35,AE,2.7762
7237.59,google,services,274034,12,EG,2.5161
8232.52,google,fnb,101132,25,LB,1.6067
8687.23,x,services,62871,10,EG,1.5206
12699.67,google,retail,1462,48,JO,1.7106
18542.71,x,retail,9008,38,SA,2.2784
18662.31,tiktok,ecommerce,237410,47,AE,3.9144
7890.69,instagram,services,217566,5,EG,2.0332
6652.32,x,retail,20440,24,AE,2.3842
9075.83,instagram,fnb,175446,18,EG,2.602
11401.89,instagram,retail,137196,38,EG,2.5287
9290.18,x,services,286088,49,LB,1.3485
13209.19,x,ecommerce,497406,15,LB,1.9278
11132.54,instagram,fnb,346128,46,LB,2.6142
6482.24,google,fnb,459279,36,LB,2.3975
6980.04,x,retail,96920,49,AE,2.4008
7634.0,google,fnb,108322,7,LB,2.0309
1983.33,facebook,fnb,375653,59,JO,1.6404
3404.65,google,retail,155691,27,JO,2.396
14489.96,facebook,fnb,424536,18,LB,1.9358
7843.02,x,ecommerce,232388,13,AE,3.465
4369.33,facebook,ecommerce,101209,59,EG,2.3654
11297.18,x,fnb,422362,53,EG,2.2576
15135.24,facebook,ecommerce,275679,10,SA,3.1154
5222.71,tiktok,retail,401520,28,JO,2.306
16553.12,instagram,ecommerce,226668,44,EG,2.8797
18557.35,x,fnb,63994,36,EG,1.732
11988.15,instagram,services,340837,13,SA,2.7502
13412.06,google,retail,63099,23,SA,3.1483
1146.26,facebook,ecommerce,331982,23,AE,3.2698
18915.85,tiktok,fnb,208949,19,SA,3.5354
7910.45,x,ecommerce,395973,57,JO,2.1755
18485.62,x,retail,435177,14,AE,2.9688
11621.65,instagram,services,204278,43,LB,2.4082
191.91,instagram,retail,441160,54,SA,2.4861
866.99,tiktok,ecommerce,56338,48,EG,2.6128
13640.33,tiktok,fnb,54575,48,JO,2.6203
11297.09,tiktok,services,496775,12,SA,3.8279
628.0,facebook,ecommerce,287574,10,EG,1.8276
14894.85,google,services,225905,47,AE,2.8021
17057.69,instagram,retail,78681,45,SA,2.8655
9978.71,instagram,retail,145209,45,SA,2.7727
9368.57,x,retail,343378,26,AE,2.7828
208.91,google,ecommerce,411034,32,EG,2.5263
15754.33,instagram,ecommerce,458300,3,JO,3.1211
6681.25,x,fnb,204459,19,AE,2.7114
17587.4,instagram,ecommerce,227929,33,LB,2.5553
7523.91,tiktok,retail,82485,10,JO,2.6635
11345.05,instagram,services,42458,10,JO,2.1337
5479.8,facebook,fnb,219487,5,JO,1.8404
3295.71,tiktok,retail,290047,14,AE,3.2282
15520.67,tiktok,fnb,53053,59,EG,1.9795
9982.15,x,fnb,204849,42,EG,2.0444
10776.11,instagram,fnb,321139,57,EG,2.4548
19311.78,x,retail,405638,17,JO,1.9381
19275.24,google,fnb,469305,37,JO,3.1956
17127.28,facebook,retail,170831,53,SA,2.1815
3833.42,google,ecommerce,196471,23,LB,2.6436
11926.03,tiktok,fnb,437573,40,LB,3.4448
17575.13,instagram,retail,346941,42,JO,2.748
7551.83,tiktok,services,137576,50,JO,2.1257
2112.01,instagram,ecommerce,342885,58,LB,1.8688
16238.16,google,fnb,79601,38,AE,2.7077
9687.09,tiktok,ecommerce,225071,36,AE,3.9243
11331.41,tiktok,services,153933,52,AE,2.7667
19644.67,instagram,services,496327,42,EG,2.293
12183.51,instagram,fnb,18422,23,SA,2.994
8557.09,tiktok,retail,428526,38,SA,3.3333
7462.69,tiktok,fnb,141341,34,SA,3.6917
8410.62,instagram,ecommerce,19075,16,EG,2.2205
2456.14,tiktok,ecommerce,330398,32,EG,2.7151
15915.54,instagram,ecommerce,339338,38,LB,2.7342
16770.57,tiktok,ecommerce,71999,54,LB,2.518
5759.5,facebook,fnb,20124,36,AE,3.0723
6145.55,tiktok,fnb,56571,12,SA,3.3938
17499.25,google,ecommerce,205026,59,JO,2.0186
577.01,x,services,67060,35,JO,1.3832
10457.1,google,fnb,351818,19,EG,2.9789
9327.15,google,fnb,39698,46,LB,1.9521
13833.52,facebook,ecommerce,394669,24,LB,2.1895
3351.49,instagram,retail,437443,24,SA,3.6941
13399.78,google,retail,358708,50,SA,2.523
7597.01,x,services,472113,52,EG,1.8654
12412.42,tiktok,retail,469676,32,LB,2.6484
897.89,x,retail,24234,24,JO,1.4998
9288.37,instagram,ecommerce,171639,52,SA,4.0184
10492.79,facebook,fnb,380275,12,SA,3.3119
4365.1,facebook,services,170480,45,LB,1.4938
2878.51,tiktok,fnb,368838,36,JO,2.9221
3850.64,google,retail,387376,51,SA,2.411
6948.41,instagram,retail,498457,26,AE,3.4325
2026.52,google,ecommerce,165603,50,AE,2.4986
18951.66,google,retail,174587,3,AE,2.728
8159.38,instagram,services,13112,46,LB,1.6836
16198.5,instagram,fnb,143468,6,JO,2.699
19490.9,google,fnb,140984,39,JO,1.9706
1706.63,google,ecommerce,227087,14,JO,2.537
13068.22,facebook,services,211168,57,AE,2.1933
17441.04,instagram,services,428431,46,SA,3.4895
12721.27,tiktok,fnb,387121,8,SA,3.7171
8637.62,tiktok,fnb,364568,53,SA,2.9781
8678.42,facebook,services,3601,17,SA,2.1521
814.39,x,retail,236340,34,SA,1.7889
10738.55,instagram,retail,365069,7,EG,2.9267
19871.51,instagram,services,123036,9,LB,2.1587
19178.28,facebook,services,213000,16,LB,1.9561
903.94,x,retail,363780,33,JO,1.6957
14145.36,instagram,ecommerce,397475,33,JO,2.6421
6105.12,x,services,427408,51,JO,1.3608
18069.48,tiktok,retail,215476,12,AE,3.8907
997.78,x,ecommerce,200575,45,SA,1.9978
18723.89,facebook,ecommerce,191970,3,LB,2.0513
16765.77,facebook,fnb,334624,19,AE,3.7725
2438.34,x,fnb,210354,12,EG,2.0342
1290.5,x,fnb,200705,10,AE,2.0012
16710.68,tiktok,services,84970,36,SA,2.8699
3199.58,facebook,retail,239768,54,LB,1.4372
10744.47,x,fnb,119406,41,SA,3.0184
18323.32,instagram,retail,262930,51,EG,2.6922
11392.22,x,retail,444442,36,SA,2.3892
8004.94,x,fnb,388087,6,SA,2.8489
8955.82,x,services,239549,22,JO,1.5212
1356.03,google,ecommerce,488775,49,AE,2.8393
19378.17,google,retail,490132,5,AE,3.3925
6282.02,tiktok,retail,222738,8,EG,2.711
3868.33,facebook,fnb,381988,50,SA,2.5886
5792.34,instagram,services,171815,6,JO,2.1312
19291.03,google,ecommerce,439443,57,LB,2.5517
1976.29,x,services,187421,46,LB,1.3314
17359.33,tiktok,services,129882,40,AE,3.1471
14186.09,google,retail,67810,33,SA,2.6851
16617.38,facebook,retail,421476,8,JO,2.2667
19520.36,tiktok,retail,149172,26,SA,3.7436
16858.88,tiktok,services,406846,49,SA,3.3016
18873.31,x,fnb,44137,54,LB,1.4337
2626.01,instagram,retail,250940,28,SA,2.5065
15936.19,instagram,services,214519,50,SA,2.9628
10958.95,instagram,ecommerce,219970,47,SA,4.1329
10915.56,facebook,fnb,84511,6,EG,2.256
17988.54,tiktok,ecommerce,37858,38,SA,3.5414
19438.9,google,services,173856,38,LB,2.1163
14126.28,x,services,235646,33,LB,1.4752
9710.47,x,ecommerce,396995,47,LB,2.3495
9182.44,facebook,retail,231764,53,EG,2.0024
7788.19,instagram,ecommerce,123717,34,JO,2.4361
7295.82,instagram,ecommerce,131982,21,JO,2.734
7890.99,instagram,ecommerce,306335,59,AE,3.2142
1886.09,x,services,218393,57,LB,1.5042
1640.98,facebook,ecommerce,450689,42,EG,2.1902
15619.41,facebook,ecommerce,220445,39,LB,2.3911
8976.85,x,ecommerce,283897,8,EG,2.4837
18620.62,x,ecommerce,32888,25,AE,2.6702
12283.2,instagram,ecommerce,97702,14,JO,2.8469
800.0,instagram,fnb,425233,32,EG,2.4373
3234.71,tiktok,services,173038,50,EG,1.7289
4195.81,tiktok,fnb,211084,15,SA,3.616
19517.15,x,ecommerce,295594,59,JO,2.1021
4452.21,tiktok,ecommerce,29870,10,SA,3.4067
10363.54,facebook,ecommerce,253798,8,EG,2.6068
18729.92,tiktok,services,173742,58,AE,3.1785
19546.14,tiktok,fnb,75161,8,SA,4.2255
4803.57,tiktok,retail,209750,44,JO,1.9573
1077.44,tiktok,services,223951,46,AE,2.5406
3156.68,x,services,93976,21,LB,1.6176
1360.24,x,services,271990,6,AE,2.1625
3982.97,instagram,services,373343,20,AE,3.2193
11414.54,instagram,ecommerce,134399,6,SA,4.7732
18257.73,google,retail,483298,41,LB,2.4336
10790.66,tiktok,fnb,306610,53,LB,2.8384
12557.19,tiktok,services,386768,59,AE,2.9998
4117.16,facebook,ecommerce,36009,48,SA,2.2142
16031.61,instagram,ecommerce,383967,47,LB,2.5997
12394.0,google,ecommerce,168966,53,AE,3.67
17296.32,x,ecommerce,355361,46,AE,3.223
18981.98,google,ecommerce,402334,40,LB,2.8418
7023.23,instagram,services,125949,59,AE,2.4819
1902.52,facebook,retail,130383,21,AE,2.375
4595.99,facebook,services,30699,26,LB,1.5404
8813.05,instagram,services,302983,54,EG,2.345
18919.3,tiktok,retail,387242,20,LB,3.0383
7628.37,x,ecommerce,205604,20,SA,2.5949
15438.39,x,services,81332,11,EG,1.9721
10855.49,facebook,ecommerce,158913,18,JO,2.3114
3737.89,google,retail,202019,36,SA,2.8223
6482.61,instagram,ecommerce,458149,53,SA,3.3402
13098.52,facebook,fnb,62885,10,EG,2.6703
13489.78,tiktok,services,172287,41,JO,2.2462
8751.72,facebook,services,319392,46,AE,2.5897
4650.05,instagram,services,119101,54,EG,2.0722
14465.94,tiktok,ecommerce,442482,45,SA,3.6829
3460.57,instagram,retail,454741,11,LB,2.1257
18739.73,tiktok,services,190674,30,EG,2.6121
3839.28,tiktok,ecommerce,373226,57,JO,2.4615
2235.52,google,retail,378204,54,LB,1.6807
10003.19,facebook,fnb,341218,37,LB,2.4327
10439.04,facebook,fnb,94056,57,JO,1.7838
10213.04,tiktok,services,25717,41,SA,2.9023
8789.68,instagram,ecommerce,174263,6,AE,3.8482
19896.82,google,ecommerce,66471,55,EG,2.109
9776.98,facebook,ecommerce,146870,12,AE,3.5077
9611.14,tiktok,fnb,319531,24,AE,3.3717
8493.14,x,services,294812,16,AE,2.6522
1429.83,facebook,retail,105506,44,SA,1.9745
11899.84,instagram,fnb,9837,4,LB,2.0498
4636.56,x,retail,113593,39,AE,1.8623
12788.42,tiktok,retail,227946,52,AE,3.333
1111.59,facebook,ecommerce,389790,47,LB,2.1245
19629.6,instagram,ecommerce,183206,20,EG,2.9304
9433.2,google,services,143676,54,LB,1.6546
17945.43,x,retail,276123,23,JO,2.1488
9563.67,instagram,retail,36722,41,LB,2.0317
1300.58,tiktok,retail,113499,31,AE,2.0426
16462.05,google,services,19179,6,LB,2.2414
12998.86,facebook,retail,263282,3,AE,2.9907
15656.97,instagram,fnb,222145,13,EG,3.1099
8620.58,google,ecommerce,291692,56,LB,2.2748
12794.94,facebook,ecommerce,308947,57,SA,2.3464
17138.96,google,ecommerce,198165,26,EG,3.2793
12658.2,tiktok,fnb,434573,58,SA,3.2728
7018.71,x,services,459207,5,LB,1.7558
13284.34,facebook,retail,56291,58,EG,1.7639
13469.9,x,ecommerce,460140,16,LB,2.3695
19215.68,instagram,retail,99139,5,LB,1.994
7481.16,facebook,services,124956,46,SA,2.5071
8559.13,google,services,265370,24,AE,2.5907
16261.25,tiktok,ecommerce,15672,19,LB,3.4345
10164.67,x,fnb,182690,46,EG,2.5235
14757.8,facebook,retail,98102,21,SA,3.3158
9248.22,facebook,ecommerce,241786,45,JO,2.6774
4388.35,tiktok,services,407527,14,SA,3.1211
14929.56,x,fnb,462138,7,SA,3.2497
2709.99,tiktok,fnb,106879,21,JO,2.5035
4051.81,google,fnb,272900,37,LB,1.7575
12573.82,x,fnb,237734,15,AE,3.4253
14970.67,x,fnb,208145,11,EG,2.5096
17904.29,tiktok,fnb,316714,45,AE,3.8991
5524.47,google,fnb,494730,31,JO,2.1208
2303.41,tiktok,retail,203215,27,AE,2.9379
19125.33,google,ecommerce,33542,16,SA,2.6896
3173.02,tiktok,retail,458068,4,JO,2.6427
4033.57,tiktok,retail,466124,6,AE,2.6993
5897.46,tiktok,retail,161861,41,JO,2.3922
10634.89,google,ecommerce,251329,7,LB,2.3035
17668.23,google,fnb,431431,17,AE,3.162
15234.87,x,fnb,252374,54,SA,2.6037
14192.34,google,fnb,241117,22,SA,3.3781
3586.09,facebook,retail,461060,45,JO,2.0474
7217.88,tiktok,fnb,414573,22,JO,2.5149
9620.26,instagram,retail,254154,56,EG,2.0388
3033.78,facebook,ecommerce,81588,49,EG,1.4627
5541.25,facebook,retail,219765,29,AE,1.9924
6235.83,tiktok,fnb,338550,42,JO,3.2363
2632.8,x,ecommerce,136971,26,EG,2.5989
11049.77,tiktok,ecommerce,269103,56,LB,2.7028
14130.06,tiktok,services,329749,23,JO,2.4002
1491.64,facebook,retail,43425,50,AE,1.9519
9674.35,google,fnb,285252,38,SA,3.5582
15666.0,facebook,retail,369041,39,SA,2.6309
14985.0,x,services,107958,23,JO,1.8513
16319.95,x,fnb,274659,50,AE,2.7065
9019.99,x,services,354997,45,AE,2.1547
16429.09,instagram,services,23100,49,LB,1.6852
4890.99,facebook,ecommerce,322399,48,AE,3.1315
7280.13,instagram,fnb,130612,11,LB,2.0515
3609.48,google,ecommerce,199269,52,SA,3.1386
9402.94,instagram,fnb,324352,50,JO,2.3021
7901.99,x,services,3196,16,SA,1.921
4894.45,facebook,services,9378,58,JO,1.6031
15060.44,facebook,ecommerce,223843,33,JO,2.4852
6345.55,instagram,fnb,474934,21,LB,2.8744
5528.81,google,ecommerce,4023,15,SA,2.2268
2704.72,google,fnb,394602,23,SA,2.9724
8832.55,instagram,fnb,38424,5,AE,3.1028
6129.0,google,fnb,244977,42,JO,2.8229
7448.53,google,services,215874,43,AE,2.0818
4796.35,tiktok,services,234577,41,LB,2.069
15286.79,tiktok,retail,41878,34,SA,3.6803
18607.07,facebook,ecommerce,377012,23,AE,3.4422
10008.84,instagram,ecommerce,138557,44,AE,3.4798
12895.67,tiktok,retail,385754,52,SA,3.3932
17356.73,facebook,ecommerce,328090,7,EG,2.8031
19976.71,tiktok,services,276093,24,AE,4.392
12308.98,facebook,retail,154999,59,AE,2.6097
17806.61,google,fnb,326480,52,LB,2.6824
18181.3,facebook,ecommerce,498826,59,AE,3.1547
15849.88,facebook,fnb,461640,13,SA,2.9741
9272.53,google,ecommerce,458234,29,EG,2.9122
1714.96,instagram,fnb,110632,10,AE,2.5447
414.53,instagram,retail,293069,52,LB,1.7806
9596.29,instagram,fnb,199504,32,SA,3.2204
9936.86,instagram,services,483506,16,EG,2.3269
8206.51,google,services,475092,8,LB,2.1956
11406.53,google,ecommerce,434140,45,SA,3.0581
11088.04,instagram,retail,82203,49,LB,2.1506
16748.6,google,ecommerce,160130,53,SA,3.1331
2262.28,google,services,355926,58,EG,2.0882
4581.04,tiktok,retail,375048,49,EG,2.308
15880.8,tiktok,ecommerce,175794,47,EG,3.3445
16971.95,x,fnb,69279,49,EG,1.9736
19897.0,tiktok,services,69318,59,AE,3.1759
17470.95,instagram,services,342591,29,JO,2.4721
17808.99,tiktok,retail,227630,46,AE,2.7775
6355.52,x,retail,246049,49,AE,2.5454
8093.07,google,services,407867,9,EG,2.2637
5434.89,facebook,fnb,9396,42,AE,2.5862
12165.36,tiktok,retail,377510,22,LB,2.8747
18782.23,google,retail,137840,10,EG,2.2049
6958.35,instagram,ecommerce,465673,12,EG,2.7105
11184.34,x,retail,477735,9,SA,2.7564
5996.36,x,retail,251565,54,LB,1.4754
3479.02,x,services,158599,46,EG,1.7335
3984.19,facebook,retail,117357,8,LB,1.6781
1253.11,tiktok,services,91545,38,SA,2.8292
18990.94,tiktok,services,499603,40,SA,3.6056
8117.3,google,services,94578,32,EG,2.1745
16699.01,x,fnb,223835,37,JO,1.9822
13658.46,instagram,ecommerce,240127,54,LB,2.5795
3919.23,tiktok,services,339911,32,LB,2.5017
3591.7,google,fnb,421481,40,SA,2.9919
16258.57,google,retail,279440,35,JO,2.502
5367.76,google,fnb,379242,25,LB,2.3837
18274.38,instagram,retail,283776,53,SA,3.0662
2887.1,x,retail,218989,26,SA,2.7088
13586.4,facebook,fnb,79717,48,AE,3.1745
16308.03,tiktok,retail,105154,37,EG,2.6532
4781.6,google,retail,216776,42,AE,2.8457
5596.53,facebook,fnb,23986,46,SA,2.1362
19293.93,tiktok,services,158864,44,JO,2.3438
5365.49,tiktok,retail,231852,35,AE,3.4158
8656.15,google,fnb,236845,38,LB,2.503
8707.06,facebook,retail,407572,31,JO,2.2999
5135.39,instagram,retail,483862,22,AE,2.887
15538.24,instagram,retail,365111,44,EG,2.8162
15459.8,google,fnb,40688,53,EG,2.2062
7628.53,instagram,services,204891,43,SA,2.4094
16719.0,tiktok,ecommerce,365225,47,LB,3.4093
4340.19,google,services,297756,50,JO,2.2103
185.68,google,services,229434,23,EG,1.916
11466.23,facebook,ecommerce,218687,6,SA,3.489
19882.15,x,fnb,203573,22,JO,2.4332
869.02,facebook,ecommerce,289929,46,EG,2.4141
4239.16,facebook,ecommerce,90211,49,EG,2.3031
10426.4,facebook,services,259235,32,LB,1.5707
16217.82,instagram,ecommerce,103728,47,EG,3.4429
1871.94,x,retail,340802,7,AE,2.524
7965.17,instagram,ecommerce,432509,39,LB,2.4939
14966.81,google,services,254346,41,AE,2.5787
7493.71,tiktok,retail,194402,31,LB,2.5018
3857.84,facebook,retail,470364,43,LB,1.7307
3990.37,tiktok,services,330186,31,EG,2.5377
8259.97,facebook,fnb,214586,32,SA,3.1721
9640.4,tiktok,fnb,15363,37,AE,3.0113
17250.11,tiktok,fnb,8942,48,LB,1.8971
12880.82,tiktok,ecommerce,111521,17,EG,3.4129
13839.0,instagram,fnb,118950,20,EG,2.6324
19661.44,google,retail,360978,26,SA,3.3737
8295.68,tiktok,fnb,250802,14,LB,2.2576
8126.75,instagram,retail,499979,22,LB,2.3279
18474.6,tiktok,services,270745,22,LB,2.7802
4992.92,facebook,ecommerce,451657,20,LB,2.5642
14623.32,x,ecommerce,276640,26,JO,2.1499
15116.01,google,services,179732,31,AE,2.5864
2045.98,instagram,ecommerce,357561,42,EG,2.5896
9417.8,google,fnb,225263,20,JO,2.7457
4091.19,google,services,138049,51,JO,1.8635
3788.97,google,retail,237139,30,AE,2.7039
9330.18,facebook,services,332786,44,SA,2.5676
5859.65,x,services,188403,9,SA,2.5644
15941.6,x,retail,352312,12,LB,1.9314
18161.34,x,services,490377,28,EG,1.6635
16074.14,x,services,206229,23,SA,2.5394
5394.01,x,fnb,148322,31,AE,3.2155
5555.27,google,services,201682,12,SA,2.273
5169.09,facebook,fnb,419292,29,EG,2.3709
2787.26,tiktok,fnb,90283,42,LB,2.1208
18881.59,instagram,retail,486864,44,EG,2.637
8100.75,instagram,fnb,207579,17,JO,2.6711
4571.32,x,ecommerce,420965,22,EG,2.6865
16948.75,x,ecommerce,393621,32,EG,2.5478
8043.99,tiktok,services,392005,32,LB,2.7019
798.82,google,services,454577,48,EG,1.8001
3322.64,facebook,services,93241,25,EG,1.7492
12821.08,instagram,fnb,297212,41,SA,3.1384
15679.81,x,fnb,50403,53,SA,1.8076
4297.59,tiktok,services,150385,20,EG,2.5086
18356.17,tiktok,ecommerce,21253,49,LB,3.0943
17034.84,tiktok,fnb,341462,21,AE,4.5692
16982.78,instagram,services,304256,22,EG,2.8331
4630.46,x,fnb,370332,40,JO,1.8025
1105.67,google,fnb,88937,38,AE,2.5682
17361.73,google,fnb,166774,34,SA,3.7243
6185.42,instagram,retail,338494,16,JO,2.9539
12416.44,google,fnb,413447,8,LB,2.9036
15223.34,x,services,442952,54,AE,2.5794
2653.04,google,services,37774,52,LB,1.5058
15638.68,tiktok,ecommerce,201862,53,AE,4.0612
18776.38,instagram,retail,6366,32,EG,1.9763
14594.66,tiktok,ecommerce,409440,53,AE,3.3969
8880.33,instagram,ecommerce,62362,29,JO,2.2689
17545.89,google,fnb,411251,7,JO,2.6814
10596.41,facebook,fnb,78848,14,JO,2.0861
14920.94,facebook,fnb,8669,18,EG,1.7528
16428.07,google,services,439585,24,EG,2.5209
15012.12,instagram,ecommerce,219967,56,SA,3.3301
5828.31,tiktok,services,213065,21,JO,2.0847
2445.09,tiktok,services,323721,37,LB,1.9682
4842.94,tiktok,services,138190,18,EG,2.3266
10107.21,google,retail,345707,39,LB,1.9738
10155.01,instagram,services,215108,35,AE,3.3594
11694.62,google,retail,137057,11,AE,2.3515
7962.53,instagram,ecommerce,198025,29,EG,2.2363
15759.14,instagram,ecommerce,4065,9,EG,2.5296
18271.76,tiktok,services,151429,53,LB,2.1863
5009.83,x,fnb,296132,43,EG,2.0514
14756.81,instagram,services,69811,56,AE,2.4823
13591.64,tiktok,services,60155,52,LB,1.7817
10509.5,facebook,services,328301,15,SA,2.6871
3851.75,facebook,services,214687,43,SA,2.1332
15925.12,google,retail,69165,8,AE,3.5144
19216.46,google,retail,374170,57,AE,2.8954
14464.54,instagram,fnb,387936,47,JO,2.5766
18365.41,google,services,18346,41,AE,3.333
19685.29,instagram,fnb,101642,59,JO,2.2666
7105.81,instagram,services,185802,51,JO,2.1126
12800.65,tiktok,fnb,365954,52,AE,4.0075
9531.26,instagram,ecommerce,37941,8,SA,3.5944
19733.91,x,fnb,402987,4,EG,2.3655
1966.78,tiktok,ecommerce,160401,57,SA,3.189
8306.26,instagram,fnb,63537,17,SA,3.2408
17523.23,tiktok,fnb,431822,27,AE,4.0005
5752.62,google,services,44286,5,LB,1.7871
15777.08,instagram,fnb,65659,38,LB,2.8725
7717.38,x,retail,474836,49,AE,2.7504
19601.57,tiktok,fnb,260263,50,EG,3.0381
17682.24,google,ecommerce,232060,36,AE,4.2228
6096.28,x,retail,343991,40,LB,1.49
15426.84,tiktok,fnb,315487,32,AE,3.9586
6803.45,facebook,services,307166,28,SA,2.8639
12166.62,google,services,12606,34,AE,2.9635
13203.77,facebook,fnb,276315,56,AE,2.6128
16608.95,tiktok,retail,140076,17,LB,2.3876
586.57,x,retail,404027,29,AE,2.7404
4481.14,tiktok,fnb,253193,37,AE,3.5996
14267.16,google,ecommerce,62760,35,JO,3.1062
11314.11,tiktok,retail,443222,4,JO,2.6968
9962.54,instagram,ecommerce,142857,19,AE,4.0225
1198.68,instagram,services,136448,39,LB,1.6362
7030.69,tiktok,retail,468201,42,LB,2.6284
17315.49,facebook,fnb,387820,44,AE,3.6919
714.77,tiktok,retail,429899,59,SA,2.2534
7989.08,tiktok,ecommerce,331444,41,SA,3.7478
18908.45,x,services,455331,36,AE,2.8838
1112.53,facebook,fnb,58520,21,AE,2.4784
15019.14,x,fnb,300387,24,AE,2.8457
5226.49,tiktok,services,147394,50,SA,3.0654
17345.52,google,retail,199813,29,EG,2.832
14946.75,tiktok,fnb,119694,43,LB,2.3998
17725.53,instagram,retail,103313,10,SA,3.1845
4396.9,x,services,221821,10,EG,1.4721
10672.73,instagram,services,459226,15,EG,2.2564
15607.47,facebook,fnb,318031,14,SA,3.2484
4989.42,google,retail,175326,37,SA,2.7102
4691.85,google,fnb,217276,39,EG,2.0993
640.92,x,ecommerce,265387,34,AE,2.2832
19174.45,tiktok,retail,123023,19,SA,3.1081
14229.34,facebook,retail,261082,35,AE,3.0386
12747.65,facebook,retail,348243,9,SA,2.1518
14905.49,tiktok,ecommerce,122340,29,LB,2.5835
10679.1,instagram,retail,292651,11,AE,2.5713
9575.06,x,services,354476,7,LB,1.7646
9045.69,facebook,ecommerce,260137,12,AE,2.6623
12844.74,x,services,146689,9,SA,2.2948
4110.55,instagram,fnb,277655,30,SA,3.8745
17772.37,facebook,retail,396824,34,JO,2.6536
16253.87,instagram,retail,111728,37,LB,1.7104
7056.32,facebook,retail,287764,28,JO,2.1289
11614.33,tiktok,ecommerce,340535,13,AE,3.9018
2906.44,instagram,retail,161426,4,EG,1.836
19449.69,tiktok,retail,194362,43,EG,2.662
18067.56,tiktok,ecommerce,444540,59,JO,3.4302
18445.76,facebook,fnb,182370,19,LB,2.4715
6710.04,facebook,fnb,299517,14,JO,2.0631
3465.78,facebook,services,75717,20,LB,1.7874
4314.27,facebook,services,463063,15,JO,1.4155
1891.03,facebook,ecommerce,298821,15,EG,2.143
2490.2,instagram,fnb,380421,31,SA,2.848
1518.96,tiktok,services,301729,47,AE,2.7689
19797.48,instagram,ecommerce,178388,43,LB,2.6064
1573.75,instagram,fnb,170810,57,JO,1.9414
2737.59,tiktok,fnb,350903,23,EG,2.7866
16562.37,tiktok,ecommerce,430065,31,JO,3.3621
11646.78,instagram,retail,64694,24,EG,2.565
15510.9,instagram,retail,422883,5,JO,2.5347
12655.15,tiktok,services,415171,25,JO,2.5635
17655.28,facebook,ecommerce,55418,17,SA,3.3663
12805.5,tiktok,retail,54973,30,EG,2.8034
10490.29,x,ecommerce,347824,12,AE,2.9409
14283.72,instagram,ecommerce,421559,45,EG,2.9947
9003.12,facebook,ecommerce,197523,51,EG,2.6717
6986.67,google,fnb,320677,57,SA,2.5148
9406.28,facebook,fnb,499857,7,EG,2.9783
3477.31,facebook,services,162075,9,AE,2.001
15951.78,facebook,retail,113286,58,EG,1.8395
5288.01,x,ecommerce,495817,51,SA,2.3633
3155.28,x,services,140981,36,AE,2.632
5002.41,tiktok,fnb,236823,21,JO,2.6233
16857.2,google,services,221611,32,LB,1.9926
6671.01,google,services,262089,33,EG,2.0939
13752.39,google,services,135088,51,AE,2.7189
17142.55,tiktok,ecommerce,339833,33,AE,4.3217
1647.12,x,ecommerce,346304,4,LB,1.7923
15323.99,google,ecommerce,101078,42,LB,1.3985
6222.54,facebook,services,240973,47,LB,1.6806
4410.79,instagram,services,29622,19,JO,1.9285
13809.14,x,fnb,111218,9,JO,2.2381
18204.95,tiktok,retail,493621,11,SA,4.3236
5970.88,instagram,fnb,253680,50,LB,2.1427
11419.79,x,ecommerce,311741,28,JO,2.5507
5867.7,google,retail,444505,33,EG,2.0447
11130.28,tiktok,services,357157,57,SA,3.2522
12475.05,tiktok,retail,396405,6,JO,2.4756
12245.67,facebook,fnb,356313,14,SA,2.7085
12508.57,instagram,retail,249915,50,AE,2.9929
2788.09,tiktok,services,316653,33,EG,2.7422
13901.46,x,ecommerce,144957,4,SA,2.9057
13527.53,instagram,ecommerce,445317,43,EG,3.5846
13683.5,facebook,services,90763,10,EG,1.8132
1574.0,tiktok,retail,442166,47,JO,2.4365
8992.09,x,services,439313,48,AE,2.1299
8239.8,tiktok,retail,71997,49,LB,2.126
1825.56,instagram,fnb,355373,29,SA,3.1845
4525.12,google,services,494844,18,EG,2.4701
8875.16,google,services,286509,53,JO,2.023
14883.84,instagram,retail,170831,34,AE,2.9659
4817.54,x,ecommerce,439837,39,EG,2.4514
16612.02,tiktok,fnb,256765,10,JO,3.5841
10961.39,facebook,ecommerce,61723,38,JO,2.0782
15232.39,tiktok,services,125387,36,JO,1.8668
9503.86,x,services,341562,19,JO,1.9697
10033.97,instagram,services,228227,46,EG,2.1346
12432.42,tiktok,ecommerce,109139,10,AE,4.0375
18566.62,google,retail,399717,44,SA,3.2814
9887.07,google,services,61168,57,EG,1.762
10620.29,x,retail,110314,35,AE,2.3222
12079.74,facebook,fnb,233338,8,EG,2.3693
14776.55,tiktok,ecommerce,20722,34,SA,4.2463
1529.82,tiktok,ecommerce,194309,33,EG,2.7681
10362.18,facebook,fnb,455066,34,SA,2.6243
9683.67,google,fnb,470645,18,EG,2.4113
18441.53,facebook,services,436105,38,LB,2.0055
9920.78,tiktok,fnb,162665,18,EG,2.598
9419.58,instagram,retail,33370,34,JO,1.6866
19247.78,facebook,fnb,407636,36,JO,2.6158
9066.47,x,fnb,187285,39,JO,2.0915
3699.6,instagram,services,374664,48,AE,2.597
4416.63,instagram,ecommerce,60464,53,LB,2.1828
1994.23,x,services,334294,47,EG,1.5924
111.31,x,fnb,293607,48,LB,1.5381
8695.72,facebook,services,460279,52,AE,2.7042
15407.93,instagram,ecommerce,51863,16,EG,1.9916
14695.98,google,fnb,204554,19,SA,3.3796
739.77,google,fnb,494980,33,EG,2.3999
11442.66,x,retail,195445,29,EG,1.8757
3170.23,tiktok,ecommerce,329363,43,LB,2.5996
18827.42,facebook,ecommerce,81312,3,EG,2.7171
3430.56,x,retail,364474,10,SA,2.3112
12570.12,facebook,fnb,138605,45,SA,3.2808
6592.14,facebook,fnb,286538,49,SA,3.0669
12867.07,google,ecommerce,440008,20,SA,3.8923
8303.95,google,retail,330864,20,SA,3.0426
15216.9,facebook,retail,237716,35,AE,1.8957
4690.51,facebook,fnb,95836,30,AE,2.6642
18125.26,tiktok,services,171335,12,LB,2.0152
10054.17,instagram,retail,424788,31,AE,3.4593
15146.25,google,services,108839,49,AE,2.7482
17009.63,tiktok,services,328495,44,SA,3.5296
19976.69,tiktok,ecommerce,242995,49,JO,3.5538
4556.52,tiktok,retail,161117,39,LB,2.156
5809.16,instagram,retail,358616,53,AE,3.6848
5083.62,instagram,retail,181707,17,LB,2.2044
5331.14,google,ecommerce,144059,5,JO,2.0617
11690.65,tiktok,services,265097,9,EG,2.4367
19871.1,tiktok,services,379100,59,AE,3.0889
19806.53,tiktok,ecommerce,432205,39,SA,4.6384
10582.79,instagram,services,315264,17,EG,2.2069
12816.64,x,retail,331330,51,JO,1.713
17213.41,tiktok,services,393993,20,SA,3.5465
18665.38,google,services,135353,37,AE,2.7762
4156.83,x,retail,126203,17,EG,1.9686
10617.98,x,services,242508,8,EG,1.9903
16673.46,google,fnb,315883,18,EG,3.2806
6133.72,google,retail,323351,16,LB,2.064
8852.2,tiktok,fnb,77713,34,EG,3.1239
19713.86,google,fnb,390524,4,LB,2.099
19702.43,instagram,fnb,182534,16,JO,2.3171
18131.53,google,fnb,438767,35,JO,2.2924
15989.12,facebook,services,362455,25,SA,2.8294
5455.7,x,fnb,491488,39,EG,2.3653
6484.92,instagram,fnb,316202,40,LB,2.1693
10990.93,google,ecommerce,264220,58,JO,2.3155
11259.47,facebook,retail,94742,50,AE,2.4216
10159.51,facebook,fnb,199933,16,AE,3.3623
12769.74,x,retail,429312,42,EG,1.8633
8225.63,x,ecommerce,191632,38,JO,1.9685
15008.57,instagram,retail,27622,36,SA,2.3383
6737.64,facebook,ecommerce,123321,48,SA,2.6234
6680.47,x,retail,298012,11,SA,2.7367
2631.8,x,fnb,314925,24,AE,2.6568
3855.37,facebook,services,491926,49,SA,2.1016
17025.37,google,ecommerce,466993,53,JO,3.1002
8981.02,instagram,retail,266220,5,AE,2.9414
4634.57,google,retail,277701,29,EG,2.6729
15210.89,tiktok,ecommerce,400535,18,EG,4.196
11124.22,facebook,fnb,25274,12,JO,2.031
521.0,instagram,retail,297995,6,EG,1.6612
6395.59,tiktok,services,237526,33,JO,2.987
3622.33,google,retail,391761,41,EG,2.2736
13151.87,facebook,ecommerce,400377,33,JO,2.4966
5573.12,x,ecommerce,328141,23,EG,2.6272
1392.44,google,ecommerce,328983,46,JO,2.426
1193.21,x,fnb,345874,40,JO,1.981
11676.37,x,retail,290487,54,JO,1.5876
532.3,facebook,fnb,114677,22,SA,2.5149
16990.96,facebook,fnb,142977,16,EG,2.1237
3192.4,google,ecommerce,371168,28,JO,2.7889
12170.67,facebook,services,309565,31,AE,2.768
8949.29,facebook,ecommerce,119717,29,LB,2.3258
8912.75,tiktok,ecommerce,439051,50,JO,2.882
1528.76,x,services,490339,5,EG,1.5856
16074.77,google,retail,313414,33,SA,2.8127
17871.74,tiktok,retail,114665,27,EG,3.0397
319.23,facebook,retail,469201,15,LB,1.9615
3654.22,instagram,services,119105,39,SA,2.3626
18087.69,google,retail,216799,48,AE,3.2222
11034.92,facebook,ecommerce,429477,34,AE,3.6838
3085.79,tiktok,retail,260818,7,JO,2.3209
4135.53,facebook,ecommerce,122249,7,SA,2.3373
13233.73,instagram,services,40970,27,LB,1.6897
14523.85,instagram,retail,181090,41,AE,2.8668
12028.59,google,retail,336372,20,AE,2.4886
19067.65,x,fnb,357605,20,JO,2.6859
9931.87,facebook,fnb,112247,52,AE,2.8287
6075.41,google,fnb,80215,3,AE,2.9569
9596.93,google,services,351024,7,AE,2.1857
7257.36,x,retail,80376,11,LB,1.2535
4565.88,x,retail,33062,59,EG,1.4387
1014.67,facebook,services,243692,31,SA,2.6927
7109.03,google,ecommerce,285884,12,SA,3.2443
14257.05,tiktok,fnb,122604,20,AE,4.4052
466.91,facebook,ecommerce,106398,58,EG,1.688
8839.65,instagram,fnb,118593,42,LB,2.2556
12915.79,x,fnb,172070,15,JO,2.3875
12247.04,tiktok,retail,5610,16,SA,2.7877
15555.3,instagram,fnb,6866,7,AE,2.7762
16229.34,instagram,fnb,185854,47,SA,3.855
14262.95,x,services,10931,10,JO,1.5363
2145.67,instagram,retail,159807,19,LB,2.2682
9552.95,facebook,retail,290875,22,SA,2.6108
12107.78,tiktok,fnb,16546,38,SA,3.6985
4986.76,x,retail,309294,37,JO,1.7952
946.78,facebook,retail,310995,48,SA,2.266
4549.45,instagram,services,287093,19,EG,2.3623
9152.4,tiktok,ecommerce,313700,24,EG,3.1839
8337.21,facebook,services,404808,25,JO,2.046
3615.67,google,retail,36329,5,AE,2.3576
16505.87,instagram,ecommerce,85244,45,EG,3.0885
18521.16,facebook,services,159203,33,AE,2.6715
4106.83,instagram,services,344369,30,JO,1.7662
18598.5,x,retail,436529,59,JO,1.4341
455.43,x,services,459413,13,AE,1.6322
18506.75,tiktok,retail,291501,58,SA,3.4556
19043.38,tiktok,services,205646,41,JO,2.1211
339.83,x,retail,206575,15,LB,1.4789
15284.08,facebook,ecommerce,30852,41,EG,2.333
19407.01,google,retail,233085,46,JO,2.2335
18127.45,google,services,256909,23,JO,2.4816
19417.13,google,retail,104931,22,LB,2.2901
11051.44,instagram,services,384208,50,EG,1.5333
1655.31,google,fnb,406128,12,EG,2.2766
17010.81,google,ecommerce,151707,3,LB,2.6714
12315.18,x,services,457088,40,EG,2.2685
12333.26,facebook,fnb,54442,54,EG,2.4208
8403.35,google,retail,455421,31,JO,1.9486
11479.66,x,services,384272,10,LB,1.6634
3156.24,instagram,fnb,112743,33,JO,1.8286
14821.42,google,retail,325432,17,SA,3.8198
1592.84,facebook,services,156059,50,AE,2.3396
14622.64,google,retail,400066,37,AE,3.3683
16994.67,google,retail,81150,22,EG,2.4795
9502.13,facebook,retail,123210,38,JO,2.2364
10245.62,facebook,fnb,154293,41,AE,3.3317
6313.06,google,retail,100639,41,JO,2.2642
19392.23,instagram,retail,167069,23,EG,2.8216
14689.18,tiktok,fnb,301689,35,LB,2.6582
7442.87,facebook,retail,316919,5,SA,2.8735
3578.67,x,retail,277412,26,JO,1.9323
4469.63,tiktok,fnb,95633,24,LB,2.3933
9332.05,x,retail,102019,33,LB,1.5797
18857.11,facebook,ecommerce,459779,57,LB,2.6128
14709.51,instagram,fnb,126417,57,SA,3.6571
4383.35,google,ecommerce,52446,30,LB,2.0109
17205.27,google,ecommerce,227540,39,JO,2.6661
7626.19,google,ecommerce,4432,9,LB,2.1377
17049.27,x,services,171984,30,LB,1.8244
4909.82,x,fnb,427617,42,AE,2.4442
12411.35,facebook,services,134427,41,EG,2.3878
18540.74,instagram,retail,352181,57,JO,2.4021
5232.09,x,ecommerce,245416,29,AE,3.1083
13889.24,tiktok,fnb,178324,54,SA,4.1358
19747.52,x,retail,331126,58,EG,1.7764
3096.91,tiktok,retail,298154,35,EG,2.4352
1859.21,facebook,retail,159798,8,LB,1.4017
13516.48,tiktok,retail,112548,24,JO,2.551
6860.75,x,services,458493,46,JO,1.3713
1517.77,google,retail,85026,36,EG,2.0679
9558.58,facebook,ecommerce,479790,56,SA,3.1912
15100.04,instagram,fnb,236103,49,AE,3.3109
5773.94,x,services,498375,6,JO,1.7066
6767.43,x,fnb,177240,52,JO,1.9361
16929.42,google,retail,283188,23,SA,2.8208
10449.43,facebook,retail,307999,49,EG,2.1019
